Abenteurer,Abenteurer*in
Abiturient,Abiturient*in
Abnehmer,Abnehmer*in
Abonnent,Abonnent*in
Absender,Absender*in
Absolvent,Absolvent*in
Abteilungsleiter,Abteilungsleiter*in
Abtreibungsgegner,Abtreibungsgegner*in
Adbuster,Adbuster*in
Adressat,Adressat*in
Afghan,Afghan*in
Afrikaner,Afrikaner*in
Afroamerikaner,Afroamerikaner*in
Agent,Agent*in
Ägypter,Ägypter*in
Akademiker,Akademiker*in
Akteur,Akteur*in
Aktionär,Aktionär*in
Aktivist,Aktivist*in
Aktivst,Aktivst*in
Albaner,Albaner*in
Alevit,Alevit*in
Algerier,Algerier*in
Allergiker,Allergiker*in
Altonaer,Altonaer*in
Amerikaner,Amerikaner*in
Amtsinhaber,Amtsinhaber*in
Amtskolleg,Amtskolleg*in
Amtsträger,Amtsträger*in
Analyst,Analyst*in
Anarchist,Anarchist*in
Anbieter,Anbieter*in
Anfänger,Anfänger*in
Angler,Angler*in
Angreifer,Angreifer*in
Anhänger,Anhänger*in
Ankläger,Ankläger*in
Anleger,Anleger*in
Anlieger,Anlieger*in
Anmelder,Anmelder*in
Ansprechpartner,Ansprechpartner*in
Antifaschist,Antifaschist*in
Antirassist,Antirassist*in
Antisemit,Antisemit*in
Antragsteller,Antragsteller*in
Anwält,Anwält*in
Anwärter,Anwärter*in
Anwender,Anwender*in
Anwohner,Anwohner*in
Apotheker,Apotheker*in
Arbeiter,Arbeiter*in
Arbeitgeber,Arbeitgeber*in
Arbeitnehmer,Arbeitnehmer*in
Arbeitnehmervertreter,Arbeitnehmervertreter*in
Arbeitskolleg,Arbeitskolleg*in
Arbeitsmigrant,Arbeitsmigrant*in
Architekt,Architekt*in
Argentinier,Argentinier*in
Armenier,Armenier*in
Artgenoss,Artgenoss*in
Artist,Artist*in
Ärzt,Ärzt*in
Asiat,Asiat*in
Assistent,Assistent*in
Astronaut,Astronaut*in
Astronom,Astronom*in
Asylbewerber,Asylbewerber*in
Atheist,Atheist*in
Athlet,Athlet*in
Athleten,Athleten*in
Atomkraftgegner,Atomkraftgegner*in
Aufklärer,Aufklärer*in
Auftraggeber,Auftraggeber*in
Ausbilder,Ausbilder*in
Ausdauersportler,Ausdauersportler*in
Ausflügler,Ausflügler*in
Ausländer,Ausländer*in
Auslandskorrespondent,Auslandskorrespondent*in
Außenminister,Außenminister*in
Aussteiger,Aussteiger*in
Aussteller,Aussteller*in
Auswanderer,Auswanderer*in
Autobesitzer,Autobesitzer*in
Autofahrer,Autofahrer*in
Autor,Autor*in
Bademeister,Bademeister*in
Bahnfahrer,Bahnfahrer*in
Bahnpendler,Bahnpendler*in
Barkeeper,Barkeeper*in
Bauarbeiter,Bauarbeiter*in
Bäuer,Bäuer*in
Bauingenieur,Bauingenieur*in
Baumpirat,Baumpirat*in
Bayer,Bayer*in
Beamt,Beamt*in
Befürworter,Befürworter*in
Begleiter,Begleiter*in
Behördenmitarbeiter,Behördenmitarbeiter*in
Beiträger,Beiträger*in
Beitragszahler,Beitragszahler*in
Belaruss,Belaruss*in
Beobachter,Beobachter*in
Berater,Berater*in
Berichterstatter,Berichterstatter*in
Berliner,Berliner*in
Berufspendler,Berufspendler*in
Berufspolitiker,Berufspolitiker*in
Berufsrichter,Berufsrichter*in
Berufsschüler,Berufsschüler*in
Beschwerdeführer,Beschwerdeführer*in
Besetzer,Besetzer*in
Besitzer,Besitzer*in
Bestatter,Bestatter*in
Besucher,Besucher*in
Betrachter,Betrachter*in
Betreiber,Betreiber*in
Betreuer,Betreuer*in
Betrüger,Betrüger*in
Bewahrer,Bewahrer*in
Bewerber,Bewerber*in
Bewohner,Bewohner*in
Bezirksvertreter,Bezirksvertreter*in
Bildhauer,Bildhauer*in
Bildungsforscher,Bildungsforscher*in
Bildungsminister,Bildungsminister*in
Bildungspolitiker,Bildungspolitiker*in
Bildungsverlierer,Bildungsverlierer*in
Biolog,Biolog*in
Blockierer,Blockierer*in
Blogger,Blogger*in
Booker,Booker*in
Botschafter,Botschafter*in
Branchenvertreter,Branchenvertreter*in
Brandenburger,Brandenburger*in
Brandstifter,Brandstifter*in
Brasilianer,Brasilianer*in
Bremer,Bremer*in
Bremerhavener,Bremerhavener*in
Briefschreiber,Briefschreiber*in
Brit,Brit*in
Buchhalter,Buchhalter*in
Buchhändler,Buchhändler*in
Bühnenarbeiter,Bühnenarbeiter*in
Bühnenkünstler,Bühnenkünstler*in
Bulgar,Bulgar*in
Bundesbürger,Bundesbürger*in
Bundespolitiker,Bundespolitiker*in
Bündnispartner,Bündnispartner*in
Bürger,Bürger*in
Bürgermeister,Bürgermeister*in
Bürgerrechtler,Bürgerrechtler*in
Busfahrer,Busfahrer*in
Campbewohner,Campbewohner*in
Camper,Camper*in
Chef,Chef*in
Chines,Chines*in
Chirurg,Chirurg*in
Choreograf,Choreograf*in
Christ,Christ*in
Christdemokrat,Christdemokrat*in
Cineast,Cineast*in
Clubbetreiber,Clubbetreiber*in
Clubgänger,Clubgänger*in
Coronaleugner,Coronaleugner*in
Coronapatient,Coronapatient*in
Coronaskeptiker,Coronaskeptiker*in
Crowdworker,Crowdworker*in
Darsteller,Darsteller*in
Datenschützer,Datenschützer*in
Dealer,Dealer*in
Demokrat,Demokrat*in
Demokratieaktivist,Demokratieaktivist*in
Demonstrant,Demonstrant*in
Demonstrationsteilnehmer,Demonstrationsteilnehmer*in
Denker,Denker*in
Depp,Depp*in
Designer,Designer*in
Deutschtürk,Deutschtürk*in
Dezernent,Dezernent*in
Diabetiker,Diabetiker*in
Digitalarbeiter,Digitalarbeiter*in
Diplomat,Diplomat*in
Direktkandidat,Direktkandidat*in
Direktor,Direktor*in
Diskutant,Diskutant*in
Doktorand,Doktorand*in
Dolmetscher,Dolmetscher*in
Dorfbewohner,Dorfbewohner*in
Dortmunder,Dortmunder*in
Dozent,Dozent*in
Dramatiker,Dramatiker*in
Drehbuchautor,Drehbuchautor*in
Drittklässler,Drittklässler*in
Ehepartner,Ehepartner*in
Ehrenamtler,Ehrenamtler*in
Eigentümer,Eigentümer*in
Eigner,Eigner*in
Einkäufer,Einkäufer*in
Einwander,Einwander*in
Einwanderer,Einwanderer*in
Einwohner,Einwohner*in
Einzelhändler,Einzelhändler*in
Elektriker,Elektriker*in
Elektroniker,Elektroniker*in
Elftklässler,Elftklässler*in
Elternvertreter,Elternvertreter*in
Empfänger,Empfänger*in
Enkel,Enkel*in
Entertainer,Entertainer*in
Entscheider,Entscheider*in
Entscheidungsträger,Entscheidungsträger*in
Entwickler,Entwickler*in
Epidemiolog,Epidemiolog*in
Erdenbewohner,Erdenbewohner*in
Erfurter,Erfurter*in
Ermittler,Ermittler*in
Erntehelfer,Erntehelfer*in
Erstklässler,Erstklässler*in
Erstwähler,Erstwähler*in
Erzähler,Erzähler*in
Erzeuger,Erzeuger*in
Erzieher,Erzieher*in
Esoteriker,Esoteriker*in
Ethiker,Ethiker*in
Ethnolog,Ethnolog*in
Europäer,Europäer*in
Expert,Expert*in
Fabrikarbeiter,Fabrikarbeiter*in
Facharbeiter,Facharbeiter*in
Fachärzt,Fachärzt*in
Fachjournalist,Fachjournalist*in
Fachkolleg,Fachkolleg*in
Fachmediziner,Fachmediziner*in
Fachpolitiker,Fachpolitiker*in
Fahnder,Fahnder*in
Fahrer,Fahrer*in
Fahrlehrer,Fahrlehrer*in
Fahrradfahrer,Fahrradfahrer*in
Familienrichter,Familienrichter*in
Faschist,Faschist*in
Favorit,Favorit*in
Feminist,Feminist*in
Fernsehjournalist,Fernsehjournalist*in
Fernsehzuschauer,Fernsehzuschauer*in
Filmemacher,Filmemacher*in
Filmwissenschaftler,Filmwissenschaftler*in
Finalist,Finalist*in
Finanzminister,Finanzminister*in
Finder,Finder*in
Fischer,Fischer*in
Flaschensammler,Flaschensammler*in
Flugbegleiter,Flugbegleiter*in
Follower,Follower*in
Förderschüler,Förderschüler*in
Forscher,Forscher*in
Förster,Förster*in
Fotograf,Fotograf*in
Fotokünstler,Fotokünstler*in
Französ,Französ*in
Frauenärzt,Frauenärzt*in
Frauenrechtler,Frauenrechtler*in
Freiberufler,Freiberufler*in
Freund,Freund*in
Friedensaktivist,Friedensaktivist*in
Friseur,Friseur*in
Fundamentalist,Fundamentalist*in
Funktionär,Funktionär*in
Fußgänger,Fußgänger*in
Gamer,Gamer*in
Gärtner,Gärtner*in
Gäst,Gäst*in
Gastarbeiter,Gastarbeiter*in
Gastautor,Gastautor*in
Gastgeber,Gastgeber*in
Gastmusiker,Gastmusiker*in
Gastronom,Gastronom*in
Gastronomiebetreiber,Gastronomiebetreiber*in
Gastwirt,Gastwirt*in
Geber,Geber*in
Gefährder,Gefährder*in
Gegendemonstrant,Gegendemonstrant*in
Gegenkandidat,Gegenkandidat*in
Gegner,Gegner*in
Gemeindevertreter,Gemeindevertreter*in
Genoss,Genoss*in
Genossenschafter,Genossenschafter*in
Gentrifizierungsgegner,Gentrifizierungsgegner*in
Geringverdiener,Geringverdiener*in
Geschäftsführer,Geschäftsführer*in
Geschäftsinhaber,Geschäftsinhaber*in
Geschäftspartner,Geschäftspartner*in
Gesellschafter,Gesellschafter*in
Gesprächspartner,Gesprächspartner*in
Gestalter,Gestalter*in
Gewalttäter,Gewalttäter*in
Gewerkschafter,Gewerkschafter*in
Gewerkschaftler,Gewerkschaftler*in
Gewinner,Gewinner*in
Globalisierungskritiker,Globalisierungskritiker*in
Gottesdienstbesucher,Gottesdienstbesucher*in
Gouverneur,Gouverneur*in
Grafiker,Grafiker*in
Grenzgänger,Grenzgänger*in
Großstädter,Großstädter*in
Grundeigentümer,Grundeigentümer*in
Gründer,Gründer*in
Grundschüler,Grundschüler*in
Grundschullehrer,Grundschullehrer*in
Gutachter,Gutachter*in
Gymnasiallehrer,Gymnasiallehrer*in
Gymnasialschüler,Gymnasialschüler*in
Gymnasiast,Gymnasiast*in
Gynäkolog,Gynäkolog*in
Hacker,Hacker*in
Hamburger,Hamburger*in
Hanauer,Hanauer*in
Händler,Händler*in
Handwerker,Handwerker*in
Handynutzer,Handynutzer*in
Hauptstädter,Hauptstädter*in
Hauptstadtjournalist,Hauptstadtjournalist*in
Hausärzt,Hausärzt*in
Hausbesetzer,Hausbesetzer*in
Hausbesitzer,Hausbesitzer*in
Hauseigentümer,Hauseigentümer*in
Heilpädagog,Heilpädagog*in
Heimbewohner,Heimbewohner*in
Heimkehrer,Heimkehrer*in
Heimmitarbeiter,Heimmitarbeiter*in
Held,Held*in
Helfer,Helfer*in
Herausgeber,Herausgeber*in
Hinweisgeber,Hinweisgeber*in
Historiker,Historiker*in
Hobbymusiker,Hobbymusiker*in
Hochschulabsolvent,Hochschulabsolvent*in
Hochschullehrer,Hochschullehrer*in
Hongkonger,Hongkonger*in
Hörer,Hörer*in
Hotelbesitzer,Hotelbesitzer*in
Hundebesitzer,Hundebesitzer*in
Idealist,Idealist*in
Ideolog,Ideolog*in
Idiot,Idiot*in
Illustrator,Illustrator*in
Imker,Imker*in
Immobilienmakler,Immobilienmakler*in
Impfgegner,Impfgegner*in
Inder,Inder*in
Indianer,Indianer*in
Industriearbeiter,Industriearbeiter*in
Influencer,Influencer*in
Ingenieur,Ingenieur*in
Inhaber,Inhaber*in
Initiator,Initiator*in
Innenminister,Innenminister*in
Insass,Insass*in
Inselbewohner,Inselbewohner*in
Instagrammer,Instagrammer*in
Intendant,Intendant*in
Intensivpatient,Intensivpatient*in
Interessent,Interessent*in
Interessenvertreter,Interessenvertreter*in
Internetnutzer,Internetnutzer*in
Interviewpartner,Interviewpartner*in
Investor,Investor*in
Iraner,Iraner*in
Islamist,Islamist*in
Italiener,Italiener*in
Jäger,Jäger*in
Japaner,Japaner*in
Jazzmusiker,Jazzmusiker*in
Jogger,Jogger*in
Journalist,Journalist*in
Jugendamtsmitarbeiter,Jugendamtsmitarbeiter*in
Jungsozialist,Jungsozialist*in
Jungunternehmer,Jungunternehmer*in
Jurist,Jurist*in
Justizminister,Justizminister*in
Kabinettskolleg,Kabinettskolleg*in
Kamerad,Kamerad*in
Kämpfer,Kämpfer*in
Kanalarbeiter,Kanalarbeiter*in
Kandidat,Kandidat*in
Kanditat,Kanditat*in
Kantinenmitarbeiter,Kantinenmitarbeiter*in
Kanzler,Kanzler*in
Kapitalist,Kapitalist*in
Karikaturist,Karikaturist*in
Karnevalist,Karnevalist*in
Kassenpatient,Kassenpatient*in
Kassierer,Kassierer*in
Katholik,Katholik*in
Käufer,Käufer*in
Kellner,Kellner*in
Kiffer,Kiffer*in
Kinobetreiber,Kinobetreiber*in
Kläger,Kläger*in
Klassenkamerad,Klassenkamerad*in
Kleinbäuer,Kleinbäuer*in
Kleingärtner,Kleingärtner*in
Kleinunternehmer,Kleinunternehmer*in
Kleinverdiener,Kleinverdiener*in
Kleinvermieter,Kleinvermieter*in
Klient,Klient*in
Klimaaktivist,Klimaaktivist*in
Klimaexpert,Klimaexpert*in
Klimaforscher,Klimaforscher*in
Klimaschützer,Klimaschützer*in
Klimawissenschaftler,Klimawissenschaftler*in
Kneipenbesitzer,Kneipenbesitzer*in
Koalitionär,Koalitionär*in
Koalitionspartner,Koalitionspartner*in
Koautor,Koautor*in
Köch,Köch*in
Kolleg,Kolleg*in
Kolonialist,Kolonialist*in
Kolumnist,Kolumnist*in
Kommentator,Kommentator*in
Kommiliton,Kommiliton*in
Kommissar,Kommissar*in
Kommissaranwärter,Kommissaranwärter*in
Kommunalpolitiker,Kommunalpolitiker*in
Kommunard,Kommunard*in
Kommunist,Kommunist*in
Kompars,Kompars*in
Komponist,Komponist*in
Konfirmand,Konfirmand*in
Konkurrent,Konkurrent*in
Konsument,Konsument*in
Konsumenten,Konsumenten*in
Kontrahent,Kontrahent*in
Kooperationspartner,Kooperationspartner*in
Kopftuchträger,Kopftuchträger*in
Korrespondent,Korrespondent*in
Kosmetiker,Kosmetiker*in
Krankenhausmitarbeiter,Krankenhausmitarbeiter*in
Krankenhauspatient,Krankenhauspatient*in
Krankenpfleger,Krankenpfleger*in
Krebspatient,Krebspatient*in
Kreditnehmer,Kreditnehmer*in
Kritiker,Kritiker*in
Kronzeug,Kronzeug*in
Kubaner,Kubaner*in
Kulturarbeiter,Kulturarbeiter*in
Kultusminister,Kultusminister*in
Kund,Kund*in
Künstler,Künstler*in
Künstlerkolleg,Künstlerkolleg*in
Kurator,Kurator*in
Kurd,Kurd*in
Kurier,Kurier*in
Kursleiter,Kursleiter*in
Ladeninhaber,Ladeninhaber*in
Laienmusiker,Laienmusiker*in
Landbewohner,Landbewohner*in
Länderchef,Länderchef*in
Länderkolleg,Länderkolleg*in
Landespolitiker,Landespolitiker*in
Landwirt,Landwirt*in
Laudator,Laudator*in
Läufer,Läufer*in
Lebenschützer,Lebenschützer*in
Lebenspartner,Lebenspartner*in
Lebensretter,Lebensretter*in
Lebensschützer,Lebensschützer*in
Lehrer,Lehrer*in
Leichtathlet,Leichtathlet*in
Leiharbeiter,Leiharbeiter*in
Leiharbeitnehmer,Leiharbeitnehmer*in
Leipziger,Leipziger*in
Leistungsbezieher,Leistungsbezieher*in
Leistungsempfänger,Leistungsempfänger*in
Leistungssportler,Leistungssportler*in
Leiter,Leiter*in
Leser,Leser*in
Leugner,Leugner*in
Libanes,Libanes*in
Liebhaber,Liebhaber*in
Lieferant,Lieferant*in
Linguist,Linguist*in
Linksextremist,Linksextremist*in
Literat,Literat*in
Literaturübersetzer,Literaturübersetzer*in
Lobbyist,Lobbyist*in
Lokaljournalist,Lokaljournalist*in
Lokalpolitiker,Lokalpolitiker*in
Lübecker,Lübecker*in
Lügner,Lügner*in
Lyriker,Lyriker*in
Macher,Macher*in
Makler,Makler*in
Maler,Maler*in
Manager,Manager*in
Mandant,Mandant*in
Mandatsträger,Mandatsträger*in
Masseur,Masseur*in
Maßschneider,Maßschneider*in
Masterstudent,Masterstudent*in
Mechaniker,Mechaniker*in
Mechatroniker,Mechatroniker*in
Medienmacher,Medienmacher*in
Medienvertreter,Medienvertreter*in
Mediziner,Mediziner*in
Medizinstudent,Medizinstudent*in
Meisterschüler,Meisterschüler*in
Menschenrechtler,Menschenrechtler*in
Messebesucher,Messebesucher*in
Mietaktivist,Mietaktivist*in
Mieter,Mieter*in
Migrant,Migrant*in
Migrationsexpert,Migrationsexpert*in
Milliardär,Milliardär*in
Millionär,Millionär*in
Minijobber,Minijobber*in
Minister,Minister*in
Ministerpräsident,Ministerpräsident*in
Ministerpräsidenten,Ministerpräsidenten*in
Mitarbeiter,Mitarbeiter*in
Mitbewerber,Mitbewerber*in
Mitbewohner,Mitbewohner*in
Mitbürger,Mitbürger*in
Mitglieder,Mitglieder*in
Mitinitiator,Mitinitiator*in
Mitschüler,Mitschüler*in
Mitspieler,Mitspieler*in
Mitstreiter,Mitstreiter*in
Mittelständler,Mittelständler*in
Mitzeichner,Mitzeichner*in
Moderator,Moderator*in
Müllwerker,Müllwerker*in
Multiplikator,Multiplikator*in
Münchner,Münchner*in
Museumsdirektor,Museumsdirektor*in
Museumspädagog,Museumspädagog*in
Musikant,Musikant*in
Musiker,Musiker*in
Muslim,Muslim*in
Nachahmer,Nachahmer*in
Nachbar,Nachbar*in
Nachfolger,Nachfolger*in
Nachwuchsjournalist,Nachwuchsjournalist*in
Nachwuchspolitiker,Nachwuchspolitiker*in
Nachwuchssportler,Nachwuchssportler*in
Naturfreund,Naturfreund*in
Naturschützer,Naturschützer*in
Nebenkläger,Nebenkläger*in
Netzaktivist,Netzaktivist*in
Netzexpert,Netzexpert*in
Neubürger,Neubürger*in
Neuköllner,Neuköllner*in
Neukund,Neukund*in
Neuntklässler,Neuntklässler*in
Neurowissenschaftler,Neurowissenschaftler*in
Newcomer,Newcomer*in
Nobelpreisträger,Nobelpreisträger*in
Nostalgiker,Nostalgiker*in
Notar,Notar*in
Nutzer,Nutzer*in
Nutznießer,Nutznießer*in
Oberbürgermeister,Oberbürgermeister*in
Oberstufenschüler,Oberstufenschüler*in
Ökolog,Ökolog*in
Ökonom,Ökonom*in
Opernbesucher,Opernbesucher*in
Opferanwält,Opferanwält*in
Oppositionspolitiker,Oppositionspolitiker*in
Optimist,Optimist*in
Orchestermusiker,Orchestermusiker*in
Ordner,Ordner*in
Organisator,Organisator*in
Österreicher,Österreicher*in
Osteuropäer,Osteuropäer*in
Pädagog,Pädagog*in
Paketbot,Paketbot*in
Palästinenser,Palästinenser*in
Pariser,Pariser*in
Parlamentarier,Parlamentarier*in
Parteifreund,Parteifreund*in
Partner,Partner*in
Partygänger,Partygänger*in
Passagier,Passagier*in
Passant,Passant*in
Patient,Patient*in
Pazifist,Pazifist*in
Pendler,Pendler*in
Performer,Performer*in
Peronist,Peronist*in
Peruaner,Peruaner*in
Petent,Petent*in
Pfleger,Pfleger*in
Philosoph,Philosoph*in
Physiotherapeut,Physiotherapeut*in
Pilot,Pilot*in
Pirat,Pirat*in
Politaktivist,Politaktivist*in
Politiker,Politiker*in
Polizeibeamt,Polizeibeamt*in
Polizist,Polizist*in
Pragmatiker,Pragmatiker*in
Praktikant,Praktikant*in
Preisträger,Preisträger*in
Pressevertreter,Pressevertreter*in
Privateigentümer,Privateigentümer*in
Privatschüler,Privatschüler*in
Proband,Proband*in
Problemschüler,Problemschüler*in
Produktentwickler,Produktentwickler*in
Produzent,Produzent*in
Professor,Professor*in
Profiteur,Profiteur*in
Programmierer,Programmierer*in
Prostitutionsgegner,Prostitutionsgegner*in
Protagonist,Protagonist*in
Protestteilnehmer,Protestteilnehmer*in
Prüfer,Prüfer*in
Psychiater,Psychiater*in
Psycholog,Psycholog*in
Psychotherapeut,Psychotherapeut*in
Publizist,Publizist*in
Querdenker,Querdenker*in
Quereinsteiger,Quereinsteiger*in
Radfahrer,Radfahrer*in
Radiologieassistent,Radiologieassistent*in
Radler,Radler*in
Randalierer,Randalierer*in
Rapper,Rapper*in
Raser,Raser*in
Rassist,Rassist*in
Raucher,Raucher*in
Raver,Raver*in
Rechteinhaber,Rechteinhaber*in
Rechtsanwält,Rechtsanwält*in
Rechtsextremist,Rechtsextremist*in
Rechtspopulist,Rechtspopulist*in
Rechtsterrorist,Rechtsterrorist*in
Redakteur,Redakteur*in
Redner,Redner*in
Referendar,Referendar*in
Referent,Referent*in
Regierungschef,Regierungschef*in
Regierungsvertreter,Regierungsvertreter*in
Regisseur,Regisseur*in
Reichsbürger,Reichsbürger*in
Reiseleiter,Reiseleiter*in
Reiserückkehrer,Reiserückkehrer*in
Reiter,Reiter*in
Religionslehrer,Religionslehrer*in
Renter,Renter*in
Rentner,Rentner*in
Reporter,Reporter*in
Repräsentant,Repräsentant*in
Republikaner,Republikaner*in
Ressortleiter,Ressortleiter*in
Restaurantbesucher,Restaurantbesucher*in
Retter,Retter*in
Rettungsschwimmer,Rettungsschwimmer*in
Rezipient,Rezipient*in
Richter,Richter*in
Risikopatient,Risikopatient*in
Rollstuhlfahrer,Rollstuhlfahrer*in
Romantiker,Romantiker*in
Rückkehrer,Rückkehrer*in
Rumän,Rumän*in
Russ,Russ*in
Sachbearbeiter,Sachbearbeiter*in
Saisonarbeiter,Saisonarbeiter*in
Sammler,Sammler*in
Sänger,Sänger*in
Sanitäter,Sanitäter*in
Schaupieler,Schaupieler*in
Schauspieler,Schauspieler*in
Schicksalsgenoss,Schicksalsgenoss*in
Schiedsrichter,Schiedsrichter*in
Schöff,Schöff*in
Schreiber,Schreiber*in
Schriftführer,Schriftführer*in
Schriftsteller,Schriftsteller*in
Schulabgänger,Schulabgänger*in
Schüler,Schüler*in
Schülervertreter,Schülervertreter*in
Schulfreund,Schulfreund*in
Schulleiter,Schulleiter*in
Schulsozialarbeiter,Schulsozialarbeiter*in
Schütz,Schütz*in
Seelsorger,Seelsorger*in
Segler,Segler*in
Sekundarschüler,Sekundarschüler*in
Senator,Senator*in
Senatsvertreter,Senatsvertreter*in
Senegales,Senegales*in
Senior,Senior*in
Sexarbeiter,Sexarbeiter*in
Sexpartner,Sexpartner*in
Sexualpartner,Sexualpartner*in
Sexualstraftäter,Sexualstraftäter*in
Sexworker,Sexworker*in
Siedler,Siedler*in
Sitznachbar,Sitznachbar*in
Sklav,Sklav*in
Soldat,Soldat*in
Solist,Solist*in
Solokünstler,Solokünstler*in
Sozialarbeiter,Sozialarbeiter*in
Sozialdemokrat,Sozialdemokrat*in
Sozialforscher,Sozialforscher*in
Sozialhilfeempfänger,Sozialhilfeempfänger*in
Soziolog,Soziolog*in
Spätaussiedler,Spätaussiedler*in
Spaziergänger,Spaziergänger*in
Spekulant,Spekulant*in
Spender,Spender*in
Spezialist,Spezialist*in
Spieler,Spieler*in
Spielgefährt,Spielgefährt*in
Spielkamerad,Spielkamerad*in
Spitzenkandidat,Spitzenkandidat*in
Spitzenpolitiker,Spitzenpolitiker*in
Spitzensportler,Spitzensportler*in
Sponsor,Sponsor*in
Sportjournalist,Sportjournalist*in
Sportler,Sportler*in
Sprayer,Sprayer*in
Sprecher,Sprecher*in
Staatsanwält,Staatsanwält*in
Staatsbürger,Staatsbürger*in
Staatssekretär,Staatssekretär*in
Stadionbesucher,Stadionbesucher*in
Stadtbewohner,Stadtbewohner*in
Städter,Städter*in
Stadtteilpolitiker,Stadtteilpolitiker*in
Stammkund,Stammkund*in
Stammwähler,Stammwähler*in
Steuerfahnder,Steuerfahnder*in
Steuerzahler,Steuerzahler*in
Stimmbürger,Stimmbürger*in
Stipendiat,Stipendiat*in
Straftäter,Straftäter*in
Strafverfolger,Strafverfolger*in
Straßensozialarbeiter,Straßensozialarbeiter*in
Streetworker,Streetworker*in
Strippenzieher,Strippenzieher*in
Stromkund,Stromkund*in
Student,Student*in
Studienanfänger,Studienanfänger*in
Studienautor,Studienautor*in
Studienteilnehmer,Studienteilnehmer*in
Studierendenvertreter,Studierendenvertreter*in
Südamerikaner,Südamerikaner*in
Sympathisant,Sympathisant*in
Syrer,Syrer*in
Systemadministrator,Systemadministrator*in
Taiwaner,Taiwaner*in
Tänzer,Tänzer*in
Täter,Täter*in
Taxifahrer,Taxifahrer*in
Techniker,Techniker*in
Technokrat,Technokrat*in
Teenager,Teenager*in
Teilnehmer,Teilnehmer*in
Tennisspieler,Tennisspieler*in
Terrorist,Terrorist*in
Tester,Tester*in
Theaterkünstler,Theaterkünstler*in
Theatermacher,Theatermacher*in
Therapeut,Therapeut*in
Tierrechtsaktivist,Tierrechtsaktivist*in
Tierschutzaktivist,Tierschutzaktivist*in
Tierschützer,Tierschützer*in
Tischnachbar,Tischnachbar*in
Tourist,Tourist*in
Träger,Träger*in
Trainer,Trainer*in
Trucker,Trucker*in
Türsteher,Türsteher*in
Übersetzer,Übersetzer*in
Ukrainer,Ukrainer*in
Umweltaktivist,Umweltaktivist*in
Umweltschützer,Umweltschützer*in
Unionspolitiker,Unionspolitiker*in
Unternehmer,Unternehmer*in
Unterstützer,Unterstützer*in
Unterzeichner,Unterzeichner*in
Urheber,Urheber*in
Urlauber,Urlauber*in
Urlaubsrückkehrer,Urlaubsrückkehrer*in
User,User*in
Veranstalter,Veranstalter*in
Verbandsvertreter,Verbandsvertreter*in
Verbraucher,Verbraucher*in
Verbraucherschützer,Verbraucherschützer*in
Verbrecher,Verbrecher*in
Verfasser,Verfasser*in
Verfassungsrechtler,Verfassungsrechtler*in
Verfassungsrichter,Verfassungsrichter*in
Verfassungsschützer,Verfassungsschützer*in
Verfechter,Verfechter*in
Verhandler,Verhandler*in
Verkäufer,Verkäufer*in
Verkehrsteilnehmer,Verkehrsteilnehmer*in
Verleger,Verleger*in
Verlierer,Verlierer*in
Vermieter,Vermieter*in
Vernetzer,Vernetzer*in
Verschwörer,Verschwörer*in
Verschwörungsanhänger,Verschwörungsanhänger*in
Verschwörungsideolog,Verschwörungsideolog*in
Verschwörungstheoretiker,Verschwörungstheoretiker*in
Verteidiger,Verteidiger*in
Vertragsarbeiter,Vertragsarbeiter*in
Vertreter,Vertreter*in
Verursacher,Verursacher*in
Verwaltungsmitarbeiter,Verwaltungsmitarbeiter*in
Veteran,Veteran*in
Videokünstler,Videokünstler*in
Viertklässler,Viertklässler*in
Vietnames,Vietnames*in
Virolog,Virolog*in
Vizepräsident,Vizepräsident*in
Volksvertreter,Volksvertreter*in
Vollstrecker,Vollstrecker*in
Wähler,Wähler*in
Wahlhelfer,Wahlhelfer*in
Wahlkämpfer,Wahlkämpfer*in
Wahlkampfhelfer,Wahlkampfhelfer*in
Waldbesetzer,Waldbesetzer*in
Waldbesitzer,Waldbesitzer*in
Wanderarbeiter,Wanderarbeiter*in
Wechselwähler,Wechselwähler*in
Wegbegleiter,Wegbegleiter*in
Weggefährt,Weggefährt*in
Werber,Werber*in
Werkvertragsarbeiter,Werkvertragsarbeiter*in
Westeuropäer,Westeuropäer*in
Wettkämpfer,Wettkämpfer*in
Whistleblower,Whistleblower*in
Widersacher,Widersacher*in
Widerstandskämpfer,Widerstandskämpfer*in
Wiener,Wiener*in
Winzer,Winzer*in
Wirt,Wirt*in
Wirtschaftsvertreter,Wirtschaftsvertreter*in
Wirtschaftswissenschaftler,Wirtschaftswissenschaftler*in
Wissenschafter,Wissenschafter*in
Wissenschaftler,Wissenschaftler*in
Wissenschaftspolitiker,Wissenschaftspolitiker*in
Wohnungseigentümer,Wohnungseigentümer*in
Wortführer,Wortführer*in
Wutbürger,Wutbürger*in
Yorker,Yorker*in
Youtuber,Youtuber*in
Zeichner,Zeichner*in
Zeitarbeiter,Zeitarbeiter*in
Zeitgenoss,Zeitgenoss*in
Zeitzeug,Zeitzeug*in
Zeug,Zeug*in
Zivilist,Zivilist*in
Zollbeamt,Zollbeamt*in
Züchter,Züchter*in
Zugbegleiter,Zugbegleiter*in
Zuhörer,Zuhörer*in
Zuschauer,Zuschauer*in
Zusteller,Zusteller*in
Zuwander,Zuwander*in
Zwangsarbeiter,Zwangsarbeiter*in
Abbrecher,Abbrecher*in
Abgänger,Abgänger*in
Absolventen,Absolventen*in
Abweichler,Abweichler*in
Achtklässler,Achtklässler*in
Administrator,Administrator*in
Aktionskünstler,Aktionskünstler*in
Aktivisten,Aktivisten*in
Alkoholiker,Alkoholiker*in
Alleinerzieher,Alleinerzieher*in
Alleinverdiener,Alleinverdiener*in
Allgemeinmediziner,Allgemeinmediziner*in
Alltagsradler,Alltagsradler*in
Altenfachbetreuer,Altenfachbetreuer*in
Altenpflegehelfer,Altenpflegehelfer*in
Altenpfleger,Altenpfleger*in
Amateurfotograf,Amateurfotograf*in
Amtsleiter,Amtsleiter*in
Amtstierärzt,Amtstierärzt*in
Analytiker,Analytiker*in
Änderungsschneider,Änderungsschneider*in
Anführer,Anführer*in
Animator,Animator*in
Anlagenmechaniker,Anlagenmechaniker*in
Anleiter,Anleiter*in
Anrainer,Anrainer*in
Anrufer,Anrufer*in
Anteilseigner,Anteilseigner*in
Antimilitarist,Antimilitarist*in
Antragssteller,Antragssteller*in
Arbeiternehmer,Arbeiternehmer*in
Arbeitsvermittler,Arbeitsvermittler*in
Archäolog,Archäolog*in
Architekten,Architekten*in
Arzthelfer,Arzthelfer*in
Aspirant,Aspirant*in
Assistenznehmer,Assistenznehmer*in
Asthmatiker,Asthmatiker*in
Asylant,Asylant*in
Asylwerber,Asylwerber*in
Athener,Athener*in
Atomgegner,Atomgegner*in
Aufnahmeleiter,Aufnahmeleiter*in
Aufsteiger,Aufsteiger*in
Aufstocker,Aufstocker*in
Auftragnehmer,Auftragnehmer*in
Augenoptiker,Augenoptiker*in
Augenzeug,Augenzeug*in
Auskenner,Auskenner*in
Außendienstmitarbeiter,Außendienstmitarbeiter*in
Außenseiter,Außenseiter*in
Aussiedler,Aussiedler*in
Ausstellungsmacher,Ausstellungsmacher*in
Austauschschüler,Austauschschüler*in
Australier,Australier*in
Autogrammjäger,Autogrammjäger*in
Autolenker,Autolenker*in
Automechaniker,Automechaniker*in
Autopendler,Autopendler*in
Autoren,Autoren*in
Avantgardist,Avantgardist*in
Babysitter,Babysitter*in
Bäckereifachverkäufer,Bäckereifachverkäufer*in
Bäcker,Bäcker*in
Bäckermeister,Bäckermeister*in
Backgroundsänger,Backgroundsänger*in
Balletttänzer,Balletttänzer*in
Banker,Banker*in
Bankkund,Bankkund*in
Bassist,Bassist*in
Bastler,Bastler*in
Bauherr,Bauherr*in
Bauleiter,Bauleiter*in
Baumeister,Baumeister*in
Bautechniker,Bautechniker*in
Beamte,Beamte*in
Beamtenanwärter,Beamtenanwärter*in
Beamten,Beamten*in
Bearbeiter,Bearbeiter*in
Bedenkenträger,Bedenkenträger*in
Behördenvertreter,Behördenvertreter*in
Beifahrer,Beifahrer*in
Beisitzer,Beisitzer*in
Benutzer,Benutzer*in
Benützer,Benützer*in
Bergsteiger,Bergsteiger*in
Berlin,Berlin*in
Berufsanfänger,Berufsanfänger*in
Berufsberater,Berufsberater*in
Berufsbetreuer,Berufsbetreuer*in
Berufseinsteiger,Berufseinsteiger*in
Berufskraftfahrer,Berufskraftfahrer*in
Berufsschullehrer,Berufsschullehrer*in
Besserwisser,Besserwisser*in
Betriebsinhaber,Betriebsinhaber*in
Betriebsleiter,Betriebsleiter*in
Betriebsprüfer,Betriebsprüfer*in
Betriebswirt,Betriebswirt*in
Bettler,Bettler*in
Bewährungshelfer,Bewährungshelfer*in
Bezieher,Bezieher*in
Bezirksbürgermeister,Bezirksbürgermeister*in
Bezirkspolitiker,Bezirkspolitiker*in
Bezirksvorsteher,Bezirksvorsteher*in
Bibliothekar,Bibliothekar*in
Biertrinker,Biertrinker*in
Biker,Biker*in
Bilanzbuchhalter,Bilanzbuchhalter*in
Bildungsberater,Bildungsberater*in
Bildungsbürger,Bildungsbürger*in
Bildungsreferent,Bildungsreferent*in
Binnenschiffer,Binnenschiffer*in
Biologielehrer,Biologielehrer*in
Blasmusiker,Blasmusiker*in
Blutspender,Blutspender*in
Bodenleger,Bodenleger*in
Bootsbauer,Bootsbauer*in
Bordellbetreiber,Bordellbetreiber*in
Botaniker,Botaniker*in
Boxer,Boxer*in
Braunschweiger,Braunschweiger*in
Briefempfänger,Briefempfänger*in
Briefträger,Briefträger*in
Brillenträger,Brillenträger*in
Bundeskanzler,Bundeskanzler*in
Bundesminister,Bundesminister*in
Bundespolizist,Bundespolizist*in
Bundesrichter,Bundesrichter*in
Bundestagskandidat,Bundestagskandidat*in
Bundestrainer,Bundestrainer*in
Bündner,Bündner*in
Burgenländer,Burgenländer*in
Bürgerjournalist,Bürgerjournalist*in
Bürgermeisterkandidat,Bürgermeisterkandidat*in
Büttenredner,Büttenredner*in
Campaigner,Campaigner*in
Cellist,Cellist*in
Chefredakteur,Chefredakteur*in
Chemiker,Chemiker*in
Choreograph,Choreograph*in
Chorleiter,Chorleiter*in
Chorsänger,Chorsänger*in
Christen,Christen*in
Clown,Clown*in
Controller,Controller*in
Cutter,Cutter*in
Dachdecker,Dachdecker*in
Dekan,Dekan*in
Delinquent,Delinquent*in
Demonstranten,Demonstranten*in
Demoteilnehmer,Demoteilnehmer*in
Denkmalschützer,Denkmalschützer*in
Dentalhygieniker,Dentalhygieniker*in
Detektiv,Detektiv*in
Deutschlehrer,Deutschlehrer*in
Diabetesberater,Diabetesberater*in
Diakon,Diakon*in
Dichter,Dichter*in
Didaktiker,Didaktiker*in
Dieb,Dieb*in
Diener,Diener*in
Dienstleister,Dienstleister*in
Dieselfahrer,Dieselfahrer*in
Diplomsozialbetreuer,Diplomsozialbetreuer*in
Dirigent,Dirigent*in
Diskussionsteilnehmer,Diskussionsteilnehmer*in
Dissident,Dissident*in
Doktor,Doktor*in
Dozenten,Dozenten*in
Drahtzieher,Drahtzieher*in
Dramaturg,Dramaturg*in
Drogenberater,Drogenberater*in
Drogengebraucher,Drogengebraucher*in
Drogenkonsument,Drogenkonsument*in
Drucker,Drucker*in
Durchschnittsbürger,Durchschnittsbürger*in
Ehebrecher,Ehebrecher*in
Ehrenämtler,Ehrenämtler*in
Ehrenbürger,Ehrenbürger*in
Eigenheimbesitzer,Eigenheimbesitzer*in
Einsatzleiter,Einsatzleiter*in
Einsender,Einsender*in
Einsteiger,Einsteiger*in
Einzelfallhelfer,Einzelfallhelfer*in
Einzelkämpfer,Einzelkämpfer*in
Einzelläufer,Einzelläufer*in
Einzelspieler,Einzelspieler*in
Einzelsportler,Einzelsportler*in
Eisenbahner,Eisenbahner*in
Eiskunstläufer,Eiskunstläufer*in
Eisverkäufer,Eisverkäufer*in
Elektrotechniker,Elektrotechniker*in
Energieberater,Energieberater*in
Entdecker,Entdecker*in
Entwicklungshelfer,Entwicklungshelfer*in
Erfinder,Erfinder*in
Ergotherapeut,Ergotherapeut*in
Ernährungsberater,Ernährungsberater*in
Ersatzspieler,Ersatzspieler*in
Ersteller,Ersteller*in
Ersthelfer,Ersthelfer*in
Erstunterzeichner,Erstunterzeichner*in
Erziehungswissenschaftler,Erziehungswissenschaftler*in
Exilant,Exilant*in
Exilpolitiker,Exilpolitiker*in
Existenzgründer,Existenzgründer*in
Experten,Experten*in
Exzentriker,Exzentriker*in
Fachassistent,Fachassistent*in
Fachberater,Fachberater*in
Fachinformatiker,Fachinformatiker*in
Fachlehrer,Fachlehrer*in
Fachreferent,Fachreferent*in
Fachschüler,Fachschüler*in
Fachverkäufer,Fachverkäufer*in
Fahranfänger,Fahranfänger*in
Fahrschüler,Fahrschüler*in
Fallmanager,Fallmanager*in
Fanatiker,Fanatiker*in
Fassader,Fassader*in
Fechter,Fechter*in
Feind,Feind*in
Feinwerkmechaniker,Feinwerkmechaniker*in
Feminst,Feminst*in
Fernsehmacher,Fernsehmacher*in
Festbesucher,Festbesucher*in
Festredner,Festredner*in
Feuilletonist,Feuilletonist*in
Filialleiter,Filialleiter*in
Filmkritiker,Filmkritiker*in
Filmmacher,Filmmacher*in
Finanzpolitiker,Finanzpolitiker*in
Firmenchef,Firmenchef*in
Fleischereifachverkäufer,Fleischereifachverkäufer*in
Fleischer,Fleischer*in
Flensburger,Flensburger*in
Fliesenleger,Fliesenleger*in
Florist,Florist*in
Flüchtlingshelfer,Flüchtlingshelfer*in
Flugzeugführer,Flugzeugführer*in
Förder,Förder*in
Förderlehrer,Förderlehrer*in
Fotojournalist,Fotojournalist*in
Fotoschüler,Fotoschüler*in
Fragesteller,Fragesteller*in
Fraktionschef,Fraktionschef*in
Frankfurter,Frankfurter*in
Frauenminister,Frauenminister*in
Freiheitskämpfer,Freiheitskämpfer*in
Freizeitsportler,Freizeitsportler*in
Frisör,Frisör*in
Frühaufsteher,Frühaufsteher*in
Führer,Führer*in
Führerscheinbesitzer,Führerscheinbesitzer*in
Fundraiser,Fundraiser*in
Funktionsträger,Funktionsträger*in
Fürsprecher,Fürsprecher*in
Fürst,Fürst*in
Fußballer,Fußballer*in
Fußpfleger,Fußpfleger*in
Galerist,Galerist*in
Ganztagsschüler,Ganztagsschüler*in
Gartenbesitzer,Gartenbesitzer*in
Gästeführer,Gästeführer*in
Gastkünstler,Gastkünstler*in
Gastkurator,Gastkurator*in
Gastschüler,Gastschüler*in
Gebärdendolmetscher,Gebärdendolmetscher*in
Gebärdensprachdolmetscher,Gebärdensprachdolmetscher*in
Gebäudereiniger,Gebäudereiniger*in
Geburtshelfer,Geburtshelfer*in
Gedächtnistrainer,Gedächtnistrainer*in
Gefährt,Gefährt*in
Gegenspieler,Gegenspieler*in
Gegenwartskünstler,Gegenwartskünstler*in
Geheimdienstler,Geheimdienstler*in
Geiger,Geiger*in
Geisteswissenschaftler,Geisteswissenschaftler*in
Gemeindepräsidenten,Gemeindepräsidenten*in
Gemeindepräsident,Gemeindepräsident*in
Gemeinderäte,Gemeinderäte*in
Gemeinderät,Gemeinderät*in
Gemeindereferent,Gemeindereferent*in
Genderaktivist,Genderaktivist*in
Generalsekretär,Generalsekretär*in
Gerichtsvollzieher,Gerichtsvollzieher*in
Germanist,Germanist*in
Geschäftsleiter,Geschäftsleiter*in
Geschichtenerzähler,Geschichtenerzähler*in
Geschichtslehrer,Geschichtslehrer*in
Gesell,Gesell*in
Gesetzeshüter,Gesetzeshüter*in
Gesetzgeber,Gesetzgeber*in
Gesinnungsgenoss,Gesinnungsgenoss*in
Gesprächsteilnehmer,Gesprächsteilnehmer*in
Gesundheitsberater,Gesundheitsberater*in
Gesundheitsexpert,Gesundheitsexpert*in
Gesundheitsminister,Gesundheitsminister*in
Gitarrist,Gitarrist*in
Glasbläser,Glasbläser*in
Gläubiger,Gläubiger*in
Glücksspieler,Glücksspieler*in
Golfer,Golfer*in
Gött,Gött*in
Grafikdesigner,Grafikdesigner*in
Gratulant,Gratulant*in
Griech,Griech*in
Großmeister,Großmeister*in
Großstadtbewohner,Großstadtbewohner*in
Grundlagenforscher,Grundlagenforscher*in
Grundstücksbesitzer,Grundstücksbesitzer*in
Grundstückseigentümer,Grundstückseigentümer*in
Gruppenleiter,Gruppenleiter*in
Gymnastiklehrer,Gymnastiklehrer*in
Haftrichter,Haftrichter*in
Halter,Halter*in
Handballer,Handballer*in
Handwerksmeister,Handwerksmeister*in
Hannoveraner,Hannoveraner*in
Hauptautor,Hauptautor*in
Hauptdarsteller,Hauptdarsteller*in
Hauptprotagonist,Hauptprotagonist*in
Hauptschüler,Hauptschüler*in
Hausbesorger,Hausbesorger*in
Hausbewohner,Hausbewohner*in
Haushälter,Haushälter*in
Hausmeister,Hausmeister*in
Haustierbesitzer,Haustierbesitzer*in
Hauswirtschafter,Hauswirtschafter*in
Hauswirtschaftler,Hauswirtschaftler*in
Hauswirtschaftshelfer,Hauswirtschaftshelfer*in
Heiler,Heiler*in
Heilerziehungspfleger,Heilerziehungspfleger*in
Heilpraktiker,Heilpraktiker*in
Heimarbeiter,Heimarbeiter*in
Heimerzieher,Heimerzieher*in
Heimhelfer,Heimhelfer*in
Heimleiter,Heimleiter*in
Helden,Helden*in
Herausforderer,Herausforderer*in
Herr,Herr*in
Herrscher,Herrscher*in
Hersteller,Hersteller*in
Hetzer,Hetzer*in
Hilfsarbeiter,Hilfsarbeiter*in
Hobbygärtner,Hobbygärtner*in
Hobbyläufer,Hobbyläufer*in
Hoffnungsträger,Hoffnungsträger*in
Hörgeräteakustiker,Hörgeräteakustiker*in
Horterzieher,Horterzieher*in
Hospitant,Hospitant*in
Hospizbegleiter,Hospizbegleiter*in
Hospizhelfer,Hospizhelfer*in
Hotelbetreiber,Hotelbetreiber*in
Humanmediziner,Humanmediziner*in
Hundeführer,Hundeführer*in
Hundehalter,Hundehalter*in
Hünd,Hünd*in
Hüter,Hüter*in
Hysteriker,Hysteriker*in
Immigrant,Immigrant*in
Improvisator,Improvisator*in
Industriemechaniker,Industriemechaniker*in
Industriemeister,Industriemeister*in
Informant,Informant*in
Informatiker,Informatiker*in
Inländer,Inländer*in
Innenarchitekt,Innenarchitekt*in
Installateur,Installateur*in
Instrumentalist,Instrumentalist*in
Instrumentenbauer,Instrumentenbauer*in
Intensivtäter,Intensivtäter*in
Interessensvertreter,Interessensvertreter*in
Interessenten,Interessenten*in
Internationalist,Internationalist*in
Interpret,Interpret*in
Interviewer,Interviewer*in
Investigativjournalist,Investigativjournalist*in
Islamkritiker,Islamkritiker*in
Islamwissenschaftler,Islamwissenschaftler*in
Isländer,Isländer*in
Jazzer,Jazzer*in
Jobber,Jobber*in
Jounalist,Jounalist*in
Journalisten,Journalisten*in
Jubilar,Jubilar*in
Jugendarbeiter,Jugendarbeiter*in
Jugendbetreuer,Jugendbetreuer*in
Jugendleiter,Jugendleiter*in
Jugendpsychiater,Jugendpsychiater*in
Jugendrichter,Jugendrichter*in
Jugendvertreter,Jugendvertreter*in
Jünger,Jünger*in
Junggesell,Junggesell*in
Junghandwerker,Junghandwerker*in
Jungmusiker,Jungmusiker*in
Jungpolitiker,Jungpolitiker*in
Jungwähler,Jungwähler*in
Junior,Junior*in
Juniorprofessor,Juniorprofessor*in
Jurastudent,Jurastudent*in
Juror,Juror*in
Justizvollzugsbeamt,Justizvollzugsbeamt*in
Kabarettist,Kabarettist*in
Kameraden,Kameraden*in
Kanadier,Kanadier*in
Kandidaten,Kandidaten*in
Kapitalanleger,Kapitalanleger*in
Kapitän,Kapitän*in
Kassenprüfer,Kassenprüfer*in
Katechet,Katechet*in
Katzenhalter,Katzenhalter*in
Kegler,Kegler*in
Kenner,Kenner*in
Keramiker,Keramiker*in
Kettenraucher,Kettenraucher*in
Kicker,Kicker*in
Kieler,Kieler*in
Kinderbetreuer,Kinderbetreuer*in
Kindergartenpädagog,Kindergartenpädagog*in
Kindergärtner,Kindergärtner*in
Kinderkrankenpfleger,Kinderkrankenpfleger*in
Kinderliedermacher,Kinderliedermacher*in
Kinderpfleger,Kinderpfleger*in
Kinobesucher,Kinobesucher*in
Kioskbetreiber,Kioskbetreiber*in
Kirchberger,Kirchberger*in
Kirchenmusiker,Kirchenmusiker*in
Kirchenvertreter,Kirchenvertreter*in
Klangforscher,Klangforscher*in
Klassenlehrer,Klassenlehrer*in
Klassenleiter,Klassenleiter*in
Klassensieger,Klassensieger*in
Klassensprecher,Klassensprecher*in
Klassiker,Klassiker*in
Klempner,Klempner*in
Köche,Köche*in
Kollegen,Kollegen*in
Kölner,Kölner*in
Komiker,Komiker*in
Kommunikationsdesigner,Kommunikationsdesigner*in
Kompliz,Kompliz*in
Konditor,Konditor*in
König,König*in
Konstrukteur,Konstrukteur*in
Kontoinhaber,Kontoinhaber*in
Kontrolleur,Kontrolleur*in
Konzertbesucher,Konzertbesucher*in
Koordinator,Koordinator*in
Korrektor,Korrektor*in
Kraftfahrer,Kraftfahrer*in
Krankengymnast,Krankengymnast*in
Krieger,Krieger*in
Kriegsgegner,Kriegsgegner*in
Küchenhelfer,Küchenhelfer*in
Küchenleiter,Küchenleiter*in
Kulturanthropolog,Kulturanthropolog*in
Kulturjournalist,Kulturjournalist*in
Kulturmanager,Kulturmanager*in
Kulturpolitiker,Kulturpolitiker*in
Kulturproduzent,Kulturproduzent*in
Kulturwissenschaftler,Kulturwissenschaftler*in
Kundenberater,Kundenberater*in
Kundenbetreuer,Kundenbetreuer*in
Kunden,Kunden*in
Kunsthandwerker,Kunsthandwerker*in
Kunsthistoriker,Kunsthistoriker*in
Kunstläufer,Kunstläufer*in
Kunststudent,Kunststudent*in
Kunstturner,Kunstturner*in
Kunstvermittler,Kunstvermittler*in
Kursteilnehmer,Kursteilnehmer*in
Kurzarbeiter,Kurzarbeiter*in
Laborant,Laborant*in
Lackierer,Lackierer*in
Lagerarbeiter,Lagerarbeiter*in
Laiendarsteller,Laiendarsteller*in
Laienschauspieler,Laienschauspieler*in
Landarbeiter,Landarbeiter*in
Landeschef,Landeschef*in
Landespolizist,Landespolizist*in
Landessprecher,Landessprecher*in
Landmaschinenmechaniker,Landmaschinenmechaniker*in
Landschaftsarchitekt,Landschaftsarchitekt*in
Landschaftsgärtner,Landschaftsgärtner*in
Landtagskandidat,Landtagskandidat*in
Langstreckenläufer,Langstreckenläufer*in
Lebensgefährt,Lebensgefährt*in
Lehrabbrecher,Lehrabbrecher*in
Lehrern,Lehrern*in
Lehrmeister,Lehrmeister*in
Lehrstuhlinhaber,Lehrstuhlinhaber*in
Leistungsträger,Leistungsträger*in
Lektor,Lektor*in
Lenker,Lenker*in
Leserbriefautor,Leserbriefautor*in
Leserbriefschreiber,Leserbriefschreiber*in
Leserreporter,Leserreporter*in
Lieblingskünstler,Lieblingskünstler*in
Liedermacher,Liedermacher*in
Linksaktivist,Linksaktivist*in
Linzer,Linzer*in
Litauer,Litauer*in
Literaturwissenschaftler,Literaturwissenschaftler*in
Logistiker,Logistiker*in
Logopäd,Logopäd*in
Lokführer,Lokführer*in
Londoner,Londoner*in
Luxemburger,Luxemburger*in
Mainzer,Mainzer*in
Männer,Männer*in
Märchenerzähler,Märchenerzähler*in
Marxist,Marxist*in
Maschinenbauer,Maschinenbauer*in
Maschinenbautechniker,Maschinenbautechniker*in
Maschinenschlosser,Maschinenschlosser*in
Maskenbildner,Maskenbildner*in
Maskenträger,Maskenträger*in
Mathematiker,Mathematiker*in
Maurer,Maurer*in
Mäzen,Mäzen*in
Mediamatiker,Mediamatiker*in
Mediator,Mediator*in
Mediengestalter,Mediengestalter*in
Medienkonsument,Medienkonsument*in
Medienwissenschaftler,Medienwissenschaftler*in
Meinungsmacher,Meinungsmacher*in
Meister,Meister*in
Menschenrechtsbeobachter,Menschenrechtsbeobachter*in
Menschenrechtsverteidiger,Menschenrechtsverteidiger*in
Mensch,Mensch*in
Mentor,Mentor*in
Messdiener,Messdiener*in
Metallarbeiter,Metallarbeiter*in
Metallbauer,Metallbauer*in
Meteorolog,Meteorolog*in
Metzger,Metzger*in
Mexikaner,Mexikaner*in
Migranten,Migranten*in
Ministrant,Ministrant*in
Missionar,Missionar*in
Mitautor,Mitautor*in
Mitbegründer,Mitbegründer*in
Miteigentümer,Miteigentümer*in
Mitfahrer,Mitfahrer*in
Mitgründer,Mitgründer*in
Mitläufer,Mitläufer*in
Mitleser,Mitleser*in
Mitmusiker,Mitmusiker*in
Mittänzer,Mittänzer*in
Mittäter,Mittäter*in
Moabiter,Moabiter*in
Modedesigner,Modedesigner*in
Moderatoren,Moderatoren*in
Moralist,Moralist*in
Mörder,Mörder*in
Mostviertler,Mostviertler*in
Motorradfahrer,Motorradfahrer*in
Museumsbesucher,Museumsbesucher*in
Musicaldarsteller,Musicaldarsteller*in
Musiklehrer,Musiklehrer*in
Musikliebhaber,Musikliebhaber*in
Musikpädagog,Musikpädagog*in
Musikproduzent,Musikproduzent*in
Musikschüler,Musikschüler*in
Musikschullehrer,Musikschullehrer*in
Muttersprachler,Muttersprachler*in
Nachfrager,Nachfrager*in
Nachhilfelehrer,Nachhilfelehrer*in
Nachrichtenmoderator,Nachrichtenmoderator*in
Nachrichtensprecher,Nachrichtensprecher*in
Nachrücker,Nachrücker*in
Nachtschwärmer,Nachtschwärmer*in
Nachwuchsautor,Nachwuchsautor*in
Nachwuchsfahrer,Nachwuchsfahrer*in
Nachwuchskünstler,Nachwuchskünstler*in
Nachwuchsläufer,Nachwuchsläufer*in
Nachwuchsmusiker,Nachwuchsmusiker*in
Nachwuchsschauspieler,Nachwuchsschauspieler*in
Nachwuchsspieler,Nachwuchsspieler*in
Nachwuchstänzer,Nachwuchstänzer*in
Nachwuchswissenschaftler,Nachwuchswissenschaftler*in
Näher,Näher*in
Nationalist,Nationalist*in
Naturheilpraktiker,Naturheilpraktiker*in
Naturwissenschaftler,Naturwissenschaftler*in
Nazigegner,Nazigegner*in
Nebendarsteller,Nebendarsteller*in
Neofaschist,Neofaschist*in
Netzfeminist,Netzfeminist*in
Neueinsteiger,Neueinsteiger*in
Nichtraucher,Nichtraucher*in
Nichtwähler,Nichtwähler*in
Niederländer,Niederländer*in
Niederösterreicher,Niederösterreicher*in
Niedriglöhner,Niedriglöhner*in
Nigerianer,Nigerianer*in
Normalbürger,Normalbürger*in
Normalverdiener,Normalverdiener*in
Norweger,Norweger*in
Notfallhelfer,Notfallhelfer*in
Notfallsanitäter,Notfallsanitäter*in
Notfallseelsorger,Notfallseelsorger*in
Nürnberger,Nürnberger*in
Oberösterreicher,Oberösterreicher*in
Oberschüler,Oberschüler*in
Offiziersanwärter,Offiziersanwärter*in
Ökoaktivist,Ökoaktivist*in
Onlineredakteur,Onlineredakteur*in
Opernsänger,Opernsänger*in
Oppositionsführer,Oppositionsführer*in
Ordinationsassistent,Ordinationsassistent*in
Ordnungshüter,Ordnungshüter*in
Organist,Organist*in
Orthoptist,Orthoptist*in
Ortsvorsteher,Ortsvorsteher*in
Osnabrücker,Osnabrücker*in
Österreich,Österreich*in
Pächter,Pächter*in
Pädagogen,Pädagogen*in
Paddler,Paddler*in
Paketzusteller,Paketzusteller*in
Papiermacher,Papiermacher*in
Parteichef,Parteichef*in
Parteienvertreter,Parteienvertreter*in
Parteigenoss,Parteigenoss*in
Parteikolleg,Parteikolleg*in
Parteivertreter,Parteivertreter*in
Partisan,Partisan*in
Pastoralassistent,Pastoralassistent*in
Pastoralreferent,Pastoralreferent*in
Pastoren,Pastoren*in
Pastor,Pastor*in
Patientenfürsprecher,Patientenfürsprecher*in
Patienten,Patienten*in
Performancekünstler,Performancekünstler*in
Personalberater,Personalberater*in
Perückenmacher,Perückenmacher*in
Pfadfinder,Pfadfinder*in
Pfarrer,Pfarrer*in
Pflegeassistent,Pflegeassistent*in
Pflegeheimbewohner,Pflegeheimbewohner*in
Pflegehelfer,Pflegehelfer*in
Pflegewissenschaftler,Pflegewissenschaftler*in
Pförtner,Pförtner*in
Physiker,Physiker*in
Pianisten,Pianisten*in
Pianist,Pianist*in
Pilger,Pilger*in
Pionier,Pionier*in
Planer,Planer*in
Podiumsteilnehmer,Podiumsteilnehmer*in
Poet,Poet*in
Politikern,Politikern*in
Politikwissenschaftler,Politikwissenschaftler*in
Politker,Politker*in
Polizeipräsident,Polizeipräsident*in
Polizeischüler,Polizeischüler*in
Polizisten,Polizisten*in
Poltiker,Poltiker*in
Populist,Populist*in
Pornodarsteller,Pornodarsteller*in
Postzusteller,Postzusteller*in
Praktiker,Praktiker*in
Präsident,Präsident*in
Präsidentschaftskandidat,Präsidentschaftskandidat*in
Praxisanleiter,Praxisanleiter*in
Pressesprecher,Pressesprecher*in
Priester,Priester*in
Producer,Producer*in
Produktdesigner,Produktdesigner*in
Produktionsarbeiter,Produktionsarbeiter*in
Produktionshelfer,Produktionshelfer*in
Professoren,Professoren*in
Programmacher,Programmacher*in
Programmdirektor,Programmdirektor*in
Programmteilnehmer,Programmteilnehmer*in
Projektbetreuer,Projektbetreuer*in
Projektentwickler,Projektentwickler*in
Projektleiter,Projektleiter*in
Projektpartner,Projektpartner*in
Projektsänger,Projektsänger*in
Promotor,Promotor*in
Protagonisten,Protagonisten*in
Protestant,Protestant*in
Protestler,Protestler*in
Protestwähler,Protestwähler*in
Prozessbeobachter,Prozessbeobachter*in
Psychoanalytiker,Psychoanalytiker*in
Psychologen,Psychologen*in
Psychotherapeuten,Psychotherapeuten*in
Puppenspieler,Puppenspieler*in
Quartiersmanager,Quartiersmanager*in
Querulant,Querulant*in
Radiohörer,Radiohörer*in
Radiomacher,Radiomacher*in
Radtourist,Radtourist*in
Rathauschef,Rathauschef*in
Rauchfangkehrer,Rauchfangkehrer*in
Raumpfleger,Raumpfleger*in
Realpolitiker,Realpolitiker*in
Realschüler,Realschüler*in
Rebell,Rebell*in
Rechnungsprüfer,Rechnungsprüfer*in
Rechtspfleger,Rechtspfleger*in
Redakteure,Redakteure*in
Regierungssprecher,Regierungssprecher*in
Rektor,Rektor*in
Religionswissenschaftler,Religionswissenschaftler*in
Rennläufer,Rennläufer*in
Ressortchef,Ressortchef*in
Restaurator,Restaurator*in
Rettungssanitäter,Rettungssanitäter*in
Revolutionär,Revolutionär*in
Rezensent,Rezensent*in
Rezeptionist,Rezeptionist*in
Rheintaler,Rheintaler*in
Rider,Rider*in
Ringer,Ringer*in
Römer,Römer*in
Ruderer,Ruderer*in
Rüganer,Rüganer*in
Salvadorianer,Salvadorianer*in
Salzburger,Salzburger*in
Satiriker,Satiriker*in
Schädlingsbekämpfer,Schädlingsbekämpfer*in
Schaffner,Schaffner*in
Schauspielschüler,Schauspielschüler*in
Schlachter,Schlachter*in
Schlagzeuger,Schlagzeuger*in
Schlosser,Schlosser*in
Schneider,Schneider*in
Schöpfer,Schöpfer*in
Schrebergärtner,Schrebergärtner*in
Schreibtischtäter,Schreibtischtäter*in
Schreiner,Schreiner*in
Schriftleiter,Schriftleiter*in
Schulabbrecher,Schulabbrecher*in
Schulabsolvent,Schulabsolvent*in
Schulanfänger,Schulanfänger*in
Schulbegleiter,Schulbegleiter*in
Schuldnerberater,Schuldnerberater*in
Schuldner,Schuldner*in
Schülern,Schülern*in
Schülersprecher,Schülersprecher*in
Schulpräsident,Schulpräsident*in
Schulsieger,Schulsieger*in
Schulsprecher,Schulsprecher*in
Schwarzfahrer,Schwarzfahrer*in
Schwed,Schwed*in
Schweißer,Schweißer*in
Schweizer,Schweizer*in
Schwimmer,Schwimmer*in
Sechstklässler,Sechstklässler*in
Seiteneinsteiger,Seiteneinsteiger*in
Sekretär,Sekretär*in
Selbstzahler,Selbstzahler*in
Seminarleiter,Seminarleiter*in
Seminarteilnehmer,Seminarteilnehmer*in
Sender,Sender*in
Seniorenbetreuer,Seniorenbetreuer*in
Senioren,Senioren*in
Servicefahrer,Servicefahrer*in
Servierer,Servierer*in
Sexist,Sexist*in
Sicherheitsmitarbeiter,Sicherheitsmitarbeiter*in
Sichter,Sichter*in
Siebtklässler,Siebtklässler*in
Sieger,Sieger*in
Skater,Skater*in
Skeptiker,Skeptiker*in
Skifahrer,Skifahrer*in
Skiläufer,Skiläufer*in
Skilehrer,Skilehrer*in
Skirennläufer,Skirennläufer*in
Slammer,Slammer*in
Softwareentwickler,Softwareentwickler*in
Sonderpädagog,Sonderpädagog*in
Sowjetbürger,Sowjetbürger*in
Sozialassistent,Sozialassistent*in
Sozialbegleiter,Sozialbegleiter*in
Sozialberater,Sozialberater*in
Sozialbetreuer,Sozialbetreuer*in
Sozialhelfer,Sozialhelfer*in
Sozialhilfempfänger,Sozialhilfempfänger*in
Sozialist,Sozialist*in
Sozialminister,Sozialminister*in
Sozialpädagogen,Sozialpädagogen*in
Sozialpädagog,Sozialpädagog*in
Sozialwissenschaftler,Sozialwissenschaftler*in
Soziologen,Soziologen*in
Spandauer,Spandauer*in
Spanier,Spanier*in
Sparer,Sparer*in
Spielleiter,Spielleiter*in
Spießer,Spießer*in
Spinner,Spinner*in
Spitzenathlet,Spitzenathlet*in
Spitzenläufer,Spitzenläufer*in
Spitzenreiter,Spitzenreiter*in
Sportlehrer,Sportlehrer*in
Sportredakteur,Sportredakteur*in
Sportschütz,Sportschütz*in
Sprachlehrer,Sprachlehrer*in
Sprachmittler,Sprachmittler*in
Sprachwissenschaftler,Sprachwissenschaftler*in
Springer,Springer*in
Sprinter,Sprinter*in
Staatsdiener,Staatsdiener*in
Staatsminister,Staatsminister*in
Stadtführer,Stadtführer*in
Stadtpolitiker,Stadtpolitiker*in
Stadträt,Stadträt*in
Stadtratskandidat,Stadtratskandidat*in
Stadtschreiber,Stadtschreiber*in
Stadtvertreter,Stadtvertreter*in
Staplerfahrer,Staplerfahrer*in
Starter,Starter*in
Statistiker,Statistiker*in
Statist,Statist*in
Steinewerfer,Steinewerfer*in
Steinmetz,Steinmetz*in
Stelleninhaber,Stelleninhaber*in
Stellvertreter,Stellvertreter*in
Sternsinger,Sternsinger*in
Steuerberater,Steuerberater*in
Sticker,Sticker*in
Stifter,Stifter*in
Stimmenzähler,Stimmenzähler*in
Stimmlehrer,Stimmlehrer*in
Strafverteidiger,Strafverteidiger*in
Straßenbauer,Straßenbauer*in
Straßenhändler,Straßenhändler*in
Straßenkünstler,Straßenkünstler*in
Straßenmusiker,Straßenmusiker*in
Streiter,Streiter*in
Studen,Studen*in
Studenten,Studenten*in
Studienabbrecher,Studienabbrecher*in
Studienanwärter,Studienanwärter*in
Studienberater,Studienberater*in
Studienkolleg,Studienkolleg*in
Studienleiter,Studienleiter*in
Stylist,Stylist*in
Südafrikaner,Südafrikaner*in
Südkoreaner,Südkoreaner*in
Südtiroler,Südtiroler*in
Sünder,Sünder*in
Superheld,Superheld*in
Supervisand,Supervisand*in
Supervisor,Supervisor*in
Surfer,Surfer*in
Synchronsprecher,Synchronsprecher*in
Tagessieger,Tagessieger*in
Tanzpartner,Tanzpartner*in
Tätowierer,Tätowierer*in
Taucher,Taucher*in
Teamer,Teamer*in
Teamkolleg,Teamkolleg*in
Teamleiter,Teamleiter*in
Teilezurichter,Teilezurichter*in
Teilhaber,Teilhaber*in
Telefonist,Telefonist*in
Testfahrer,Testfahrer*in
Texter,Texter*in
Textilarbeiter,Textilarbeiter*in
Theaterpädagog,Theaterpädagog*in
Theolog,Theolog*in
Theoretiker,Theoretiker*in
Thurgauer,Thurgauer*in
Tierärzte,Tierärzte*in
Tierarzthelfer,Tierarzthelfer*in
Tierärzt,Tierärzt*in
Tierbesitzer,Tierbesitzer*in
Tierfreund,Tierfreund*in
Tierhalter,Tierhalter*in
Tierheilpraktiker,Tierheilpraktiker*in
Tierpfleger,Tierpfleger*in
Tierrechtler,Tierrechtler*in
Tiroler,Tiroler*in
Tischler,Tischler*in
Tischtennisspieler,Tischtennisspieler*in
Titelträger,Titelträger*in
Tontechniker,Tontechniker*in
Topmanager,Topmanager*in
Touristiker,Touristiker*in
Transportarbeiter,Transportarbeiter*in
Trauerbegleiter,Trauerbegleiter*in
Triathlet,Triathlet*in
Trommler,Trommler*in
Tüftler,Tüftler*in
Türken,Türken*in
Türk,Türk*in
Turner,Turner*in
Tutor,Tutor*in
Übungsleiter,Übungsleiter*in
Umschüler,Umschüler*in
Umsteiger,Umsteiger*in
Umweltberater,Umweltberater*in
Umweltpolitiker,Umweltpolitiker*in
Unionsbürger,Unionsbürger*in
Universitätslehrer,Universitätslehrer*in
Unternehmensberater,Unternehmensberater*in
Unterschriftensammler,Unterschriftensammler*in
Urbanist,Urbanist*in
Ureinwohner,Ureinwohner*in
Veganer,Veganer*in
Vegetarier,Vegetarier*in
Velofahrer,Velofahrer*in
Venezolaner,Venezolaner*in
Veranstaltungstechniker,Veranstaltungstechniker*in
Verantwortungsträger,Verantwortungsträger*in
Verehrer,Verehrer*in
Vereinsmitarbeiter,Vereinsmitarbeiter*in
Verführer,Verführer*in
Verkaufsberater,Verkaufsberater*in
Verkehrsplaner,Verkehrsplaner*in
Verlagsmitarbeiter,Verlagsmitarbeiter*in
Vermittler,Vermittler*in
Verpacker,Verpacker*in
Verräter,Verräter*in
Versammlungsteilnehmer,Versammlungsteilnehmer*in
Vertrauenslehrer,Vertrauenslehrer*in
Vertretungslehrer,Vertretungslehrer*in
Verwalter,Verwalter*in
Videojournalist,Videojournalist*in
Violinist,Violinist*in
Visionär,Visionär*in
Volksschüler,Volksschüler*in
Volljurist,Volljurist*in
Volontär,Volontär*in
Vorarbeiter,Vorarbeiter*in
Vordenker,Vordenker*in
Vorführer,Vorführer*in
Vorgänger,Vorgänger*in
Vorkämpfer,Vorkämpfer*in
Vorleser,Vorleser*in
Vorredner,Vorredner*in
Vorreiter,Vorreiter*in
Vorstandskolleg,Vorstandskolleg*in
Vorsteher,Vorsteher*in
Wahlberliner,Wahlberliner*in
Wahlverlierer,Wahlverlierer*in
Waldspaziergänger,Waldspaziergänger*in
Wanderleiter,Wanderleiter*in
Wärter,Wärter*in
Weinkenner,Weinkenner*in
Weiterbildner,Weiterbildner*in
Weltbürger,Weltbürger*in
Welt,Welt*in
Weltmeister,Weltmeister*in
Werkzeugbautechniker,Werkzeugbautechniker*in
Wettbewerber,Wettbewerber*in
Widerständler,Widerständler*in
Wiedereinsteiger,Wiedereinsteiger*in
Wikipedianer,Wikipedianer*in
Wilhelmsburger,Wilhelmsburger*in
Wintersportler,Wintersportler*in
Wirtschaftsforscher,Wirtschaftsforscher*in
Wirtschaftsinformatiker,Wirtschaftsinformatiker*in
Wirtschaftsprüfer,Wirtschaftsprüfer*in
Yogalehrer,Yogalehrer*in
Zahler,Zahler*in
Zahnarzthelfer,Zahnarzthelfer*in
Zahnärzt,Zahnärzt*in
Zahntechniker,Zahntechniker*in
Zauberer,Zauberer*in
Zehntklässler,Zehntklässler*in
Zeitungsleser,Zeitungsleser*in
Zeitungsmacher,Zeitungsmacher*in
Zimmerer,Zimmerer*in
Zöllner,Zöllner*in
Zugführer,Zugführer*in
Zürcher,Zürcher*in
Zuseher,Zuseher*in
Zuwanderer,Zuwanderer*in
Arzt,Arzt*in
Ausbaufacharbeiter,Ausbaufacharbeiter*in
Chemikant,Chemikant*in
Forstwirt,Forstwirt*in
Haustechniker,Haustechniker*in
Heilpädagogen,Heilpädagogen*in
Hochbaufacharbeiter,Hochbaufacharbeiter*in
Keyboarder,Keyboarder*in
Klimaschutzmanager,Klimaschutzmanager*in
Menschen,Menschen*in
Modist,Modist*in
Mosaikleger,Mosaikleger*in
Mutant,Mutant*in
Optiker,Optiker*in
Rettungsassistent,Rettungsassistent*in
Schatzmeister,Schatzmeister*in
Senatssprecher,Senatssprecher*in
Stipendiaten,Stipendiaten*in
Tiefbaufacharbeiter,Tiefbaufacharbeiter*in
Trauerredner,Trauerredner*in
Travestiekünstler,Travestiekünstler*in
Werkzeugmechaniker,Werkzeugmechaniker*in
