AHS-Lehrer,AHS-Lehrer*innen,1
AHS-Lehrer,AHS-Lehrerin bzw. AHS-Lehrer,0
AHS-Lehrer,AHS-Lehrerinnen und AHS-Lehrer,1
AHS-Lehrern,AHS-Lehrerinnen und AHS-Lehrern,1
Abfallmanager,Abfallmanager*innen,1
Abfallmanager,Abfallmanagerin und Abfallmanager,0
Abfallmanagern,Abfallmanagerinnen und Abfallmanagern,1
Abnehmer,Abnehmerin und Abnehmer,0
Abnehmer,Abnehmerinnen und Abnehmer,1
Abnehmern,Abnehmerinnen und Abnehmern,1
Abonnent,Abonnentin und Abonnent,0
Abonnenten,Abonnent*innen,1
Abonnenten,Abonnentinnen und Abonnenten,1
Absender,Absenderin bzw. Absender,0
Absender,gesendet von,0
Absolvent,Absolventin und Absolvent,0
Absolventen,Absolvent*innen,1
Absolventen,Absolventinnen und Absolventen,1
Abteilungshelfer,Abteilungshelfer*innen,1
Abteilungshelfer,Abteilungshelferin bzw. -helfer,0
Abteilungshelfer,Abteilungshelferinnen und Abteilungshelfer,1
Abteilungshelfern,Abteilungshelferinnen und Abteilungshelfern,1
Abteilungsleiter,Abteilungsleiter*innen,1
Abteilungsleiter,Abteilungsleiterin bzw. Abteilungsleiter,0
Abteilungsleiter,Abteilungsleiterinnen und Abteilungsleiter,1
Abteilungsleiter,Abteilungsleitung,0
Abteilungsleitern,Abteilungsleiterinnen und Abteilungsleitern,1
Administrationsbereich Benutzer,Administrationsbereich Benutzer*innen,1
Administrationsbereich Benutzer,Administrationsbereich Benutzerinnen und Benutzer,1
Administrator,Administratorin bzw. Administrator,0
Administrator,Administratorin und Administrator,0
Administratoren,Administratorinnen und Administratoren,1
Adressat,beauftragte Firma,0
Adressatenliste,Adressat*innenliste,0
Adressatenliste,Adressatinnenliste und Adressatenliste,1
Adresse des Antragsstellers,Adresse,0
Adresse des Antragsstellers,Adresse der Antragsteller*innen,1
Agent,Agentin und Agent,0
Agenten,Agentinnen und Agenten,1
Agrarwissenschaftler,Agrarwissenschaftlerin und Agrarwissenschaftler,0
Agrarwissenschaftler,Agrarwissenschaftlerinnen und Agrarwissenschaftler,1
Agrarwissenschaftlern,Agrarwissenschaftlerinnen und Agrarwissenschaftlern,1
Akteur,Akteurin und Akteur,0
Akteure,Akteurinnen und Akteure,1
Alkoholiker,Suchtkranke,0
Alleinverdiener,Alleinverdiener*innen,1
Alleinverdiener,Alleinverdienerin bzw. Alleinverdiener,0
Alleinverdiener,Alleinverdienerinnen und Alleinverdiener,1
Alleinverdienerabsetzbetrag,Absetzbetrag für AlleinverdienderInnen,1
Altenpfleger,Altenpfleger*innen,1
Altenpfleger,Altenpflegerin und Altenpfleger,0
Altenpfleger,Altenpflegerinnen und Altenpfleger,1
Altenpfleger,Pflegepersonal,0
Altenpflegern,Altenpflegerinnen und Altenpflegern,1
Altenpflegern,Pflegepersonal,0
Alternativmediziner,Alternativmediziner*innen,1
Alternativmediziner,Alternativmedizinerin und Alternativmediziner,0
Alternativmediziner,Alternativmedizinerinnen und Alternativmediziner,1
Alternativmedizinern,Alternativmediziner*innen,1
Alternativmedizinern,Alternativmedizinerinnen und Alternativmedizinern,1
Altersforscher,Altersforscher*innen,1
Altersforscher,Altersforscherin und Altersforscher,0
Altersforscher,Altersforscherinnen und Altersforscher,1
Altersforschern,Altersforscherinnen und Altersforschern,1
Amerikaner,Amerikaner*innen,1
Amerikaner,Amerikanerin und Amerikaner,0
Amerikaner,Amerikanerinnen und Amerikaner,1
Amerikanern,Amerikanerinnen und Amerikanern,1
Amtsarzt,Amtsärztin und Amtsarzt,0
Amtsführender Stadtrat,Amtsführende Stadträt*innen,1
Amtsführender Stadtrat,Amtsführende Stadträtin bzw. amtsführender Stadtrat,0
Amtsführender Stadtrat,amtsführende StadträtInnen,1
Amtsführender Stadtrat,amtsführende Stadträtin bzw. amtsführender Stadtrat,0
Amtsgehilfe,Amtsgehilfin und Amtsgehilfe,0
Amtsgehilfen,Amtsgehilf*innen,1
Amtsgehilfen,Amtsgehilfinnen und Amtsgehilfen,1
Amtshauswart,Amtshauswartin bzw. Amtshauswart,0
Amtsleiter,Amtsleiter*innen,1
Amtsleiter,Amtsleiterin und Amtsleiter,0
Amtsleiter,Amtsleiterinnen und Amtsleiter,1
Amtsleitern,Amtsleiterinnen und Amtsleitern,1
Amtsrat,Amtsrätin bzw. Amtsrat,0
Amtstierarzt,Amtstierärztin bzw. Amtstierarzt,0
Amtsärzte,Amtsärztinnen und Amtsärzte,1
Analyst,Analystin bzw. Analyst,0
Analytiker,Analytiker*innen,1
Analytiker,Analytikerin und Analytiker,0
Analytiker,Analytikerinnen und Analytiker,1
Analytikern,Analytikerinnen und Analytikern,1
Anbieter,Anbietende,0
Anbieterverzeichnis,Anbieter*innenverzeichnis,0
Anbieterverzeichnis,Anbieterinnenverzeichnis und Anbieterverzeichnis,1
Anfängerkurs,Einstiegskurs,0
Anfängerkurs,Grundkurs,0
Angebot für private Bauherren,Angebot für privat Bauende,0
Angehörige des Instituts,das Institut,0
Angehörigen,Familienmitgliedern,0
Angehörigen,Verwandten,0
Angehöriger,Angehörige bzw. Angehöriger,0
Angehöriger,Familienmitglied,0
Angeklagter,angeklagte Person,0
Angestellter,Angestellte bzw. Angestellter,0
Angestellter,Belegschaft,0
Angestellter,Personal,0
Anhänger,Anhänger*innen,1
Anhänger,Anhängerin bzw. Anhänger,0
Anhänger,Anhängerinnen und Anhänger,1
Anhängern,Anhängerinnen und Anhängern,1
Anlagebesitzer,Anlagebesitzende,0
Anleger,Anleger*innen,1
Anleger,Anlegerin und Anleger,0
Anleger,Anlegerinnen und Anleger,1
Anlegern,Anlegerinnen und Anlegern,1
Anrainer,Anrainer*innen,1
Anrainer,Anrainerin bzw. Anrainer,0
Anrainer,Anrainerinnen und Anrainer,1
Anrufer,Anruf von,0
Anrufer,Anrufer*innen,1
Anrufer,Anruferin und Anrufer,0
Anrufer,Anruferinnen und Anrufer,1
Anrufer,angerufen hat,0
Ansprechpartner,Ansprechpartner*innen,1
Ansprechpartner,Ansprechpartnerin bzw. Ansprechpartner,0
Ansprechpartner,Ansprechperson; Kontakt,0
Anstaltsgehilfe,Anstaltsgehilfin bzw.-gehilfe,0
Anstaltsgehilfe,Anstaltsgehilfin und Anstaltsgehilfe,0
Anstaltsgehilfe,Anstaltsgehilfinnen und Anstaltsgehilfen,1
Anthropologe,Anthropologin und Anthropologe,0
Anthropologen,Anthropologinnen und Anthropologen,1
Antragssteller,Antragssteller*innen,1
Antragssteller,Antragsstellerinnen und Antragssteller,1
Antragsstellern,Antragsstellerinnen und Antragsstellern,1
Antragsteller,Antrag gestellt von,0
Antragsteller,Antragsteller*innen,1
Antragsteller,Antragstellerin bzw. Antragsteller,0
Antragsteller,ich beantrage,0
Anwalt,Anwalt und Anwältin,0
Anwalt,Rechtsvertretung,0
Anwaltsassistent,Anwaltsassistentin und Anwaltsassistent,0
Anwaltsassistenten,Anwaltsassistentinnen und Anwaltsassistenten,1
Anwaltshonorar,Honorar von Anwältinnen und Anwälten,1
Anwaltskosten,Kosten für die Rechtsvertretung,0
Anwender,Anwender*innen,1
Anwender,Anwenderin und Anwender,0
Anwender,Anwenderinnen und Anwender,1
Anwendern,Anwenderinnen und Anwendern,1
Anwenderprogramm,Anwendungsprogramm,0
Anwerber,Anwerber*innen,1
Anwerber,Anwerberin und Anwerber,0
Anwerber,Anwerberinnen und Anwerber,1
Anwerbern,Anwerberinnen und Anwerbern,1
Anwohner,Anwohnende,0
Anwohner,Anwohnerin bzw. Anwohner,0
Anwohner,Nachbarschaft,0
Anwälte,Anwältinnen und Anwälte,1
Anwälten,Anwältinnen und Anwälten,1
Anwärter,Anwärter*innen,1
Anwärter,Anwärterin und Anwärter,0
Anwärter,Anwärterinnen und Anwärter,1
Anwärtern,Anwärterinnen und Anwärtern,1
Apothekenlaborant,Apothekenlaborant*innen,1
Apothekenlaborant,Apothekenlaborantin bzw. -laborant,0
Apotheker,Apotheker*innen,1
Apotheker,Apothekerin bzw. Apotheker,0
Apotheker,Apothekerin und Apotheker,0
Apotheker,Apothekerinnen und Apotheker,1
Apothekern,Apothekerinnen und Apothekern,1
Arbeiter,Arbeiter*innen,1
Arbeiter,Arbeiterin bzw. Arbeiter,0
Arbeiter,Arbeiterinnen und Arbeiter,1
Arbeiterfamilien,Familien von Arbeiterinnen und Arbeitern,1
Arbeitern,Arbeiterinnen und Arbeitern,1
Arbeiternehmer,Arbeitnehmer*innen,1
Arbeiternehmer,Belegschaft,0
Arbeiternehmer,Beschäftigte,0
Arbeitgeber,Arbeitgebende; Betriebe; Unternehmen,0
Arbeitgeber,Arbeitgeber*innen,1
Arbeitgeber,Arbeitgeberin und Arbeitgeber,0
Arbeitgeber,Organisation der Arbeitsgebenden,0
Arbeitnehmer,Arbeitnehmer*innen,1
Arbeitnehmer,Arbeitnehmerin bzw. Arbeitnehmer,0
Arbeitsgruppenmanager,Arbeitsgruppenmanagerin bzw. - manager,0
Arbeitskollege,Arbeitskollegin und Arbeitskollege,0
Arbeitskollegen,Arbeitskolleginnen und Arbeitskollegen,1
Arbeitsmediziner,Arbeitsmediziner*innen,1
Arbeitsmediziner,Arbeitsmedizinerin bzw. Arbeitsmediziner,0
Arbeitspsychologe,Arbeitspsychologin bzw. Arbeitspsychologe,0
Architekt,Architektin und Architekt,0
Architekten,Architektinnen und Architekten,1
Archivar,Archivarin bzw. Archivar,0
Archivare,Archivarinnen und Archivare,1
Archivaren,Archivarinnen und Archivaren,1
Archivgehilfe,Archivgehilfin bzw. Archivgehilfe,0
Archivgehilfen,Archivgehilfinnen und -gehilfen,1
Archivleiter,Archivleiterin bzw. Archivleiter,0
Archivleiter,Archivleitung,0
Aristokrat,Aristokratin und Aristokrat,0
Aristokraten,Aristokratinnen und Aristokraten,1
Arzt,Ärztin bzw. Arzt,0
Arztbrief,Entlassungsbrief; (ärztlicher) Befundbericht,0
Arztgeheimnis,Berufsgeheimnis,0
Arztgeheimnis,Schweigepflicht der Ärztin,0
Arztgeheimnis,Schweigepflicht des Arztes,0
Arzthelfer,Arzthelfer*innen,1
Arzthelfer,Arzthelferin und Arzthelfer,0
Arzthelfer,Arzthelferinnen und Arzthelfer,1
Arzthelfern,Arzthelferinnen und Arzthelfern,1
Arztkosten,(ärztliche) Behandlungskosten,0
Arzttermin,Behandlungstermin,0
Arztzeugnis,Krankheitsbescheinigung,0
Arztzeugnis,Unfallbestätigung,0
Arztzeugnis,ärztliches Zeugnis,0
Asiaten,Asiatinnen und Asiaten,1
Assistent,Assistentin bzw. Assistent,0
Assistent,Assistentin und Assistent,0
Assistent,Assistenz,0
Assistenten,Assistent*innen,1
Assistenten,Assistentinnen und Assistenten,1
Assistenzarzt,Assistenzärztin bzw. Assistenzarzt,0
Astrologe,Astrologin und Astrologe,0
Astrologen,Astrologinnen und Astrologen,1
Astronom,Astronomin und Astronom,0
Astronomen,Astronominnen und Astronomen,1
Asylwerber,Asylsuchende,0
Asylwerber,Asylwerber*innen,1
Asylwerber,Asylwerberin und Asylwerber,0
Asylwerber,Asylwerberinnen und Asylwerber,1
Asylwerber,Personen im Asylverfahren,0
Asylwerbern,Asylwerberinnen und Asylwerbern,1
Athlet,Athletin und Athlet,0
Athleten,Athletinnen und Athleten,1
Aufseher,Aufseher*innen,1
Aufseher,Aufseherin bzw. Aufseher,0
Auftraggeber,Auftraggeber*innen,1
Auftraggeber,Auftraggeberin bzw. Auftraggeber,0
Auftraggeber,Auftraggeberinnen und Auftraggeber,1
Auftragnehmer,Auftragnehmer*innen,1
Auftragnehmer,Auftragnehmerin bzw. Auftragnehmer,0
Auftragnehmer,Auftragnehmerinnen und Auftragnehmer,1
Augenzeugen,Augenzeuginnen und Augenzeugen,1
Ausbildungsbeauftragter,Ausbildungsbeauftragte bzw. Ausbildungsbeauftragter,0
Ausbildungsjurist,Ausbildungsjuristin bzw. Ausbildungsjurist,0
Ausbildungsjuristen,Ausbildungsjurist*innen,1
Ausbildungsreferent,Ausbildungsreferent*innen,1
Ausbildungsreferent,Ausbildungsreferentin und Ausbildungsreferent,0
Ausbildungstechniker,Ausbildungstechniker*innen,1
Ausbildungstechniker,Ausbildungstechnikerin bzw. Ausbildungstechniker,0
Ausländer,Ausländerinnen und Ausländer,1
Ausländerfrage,Migrationsthematik,0
Aussteller,Aussteller*innen,1
Aussteller,Ausstellerin und Aussteller,0
Aussteller,Ausstellerinnen und Aussteller,1
Ausstellern,Ausstellerinnen und Ausstellern,1
Autoelektriker,Autoelektriker*innen,1
Autoelektriker,Autoelektrikerin und Autoelektriker,0
Autoelektriker,Autoelektrikerinnen und Autoelektriker,1
Autoelektrikern,Autoelektrikerinnen und Autoelektrikern,1
Autofahrer,Autofahrer*innen,1
Autofahrer,Autofahrerin und Autofahrer,0
Autofahrer,Autofahrerinnen und Autofahrer,1
Autofahrern,Autofahrerinnen und Autofahrern,1
Automechaniker,Automechaniker*innen,1
Automechaniker,Automechanikerin und Automechaniker,0
Automechaniker,Automechanikerinnen und Automechaniker,1
Automechanikern,Automechanikerinnen und Automechanikern,1
Autor,Autorin und Autor,0
Autoren,Autorinnen und Autoren,1
Außendienstmitarbeiter,Außendienstmitarbeiter*innen,1
Außendienstmitarbeiter,Außendienstmitarbeiterin und Außendienstmitarbeiter,0
Außendienstmitarbeiter,Außendienstmitarbeiterinnen und Außendienstmitarbeiter,1
Außendienstmitarbeitern,Außendienstmitarbeiterinnen und Außendienstmitarbeitern,1
Babysitter,Babysitterin bzw. Babysitter,0
Bachelor,Bachelorandin bzw. Bachelor,0
Bademeister,Bademeister*innen,1
Bademeister,Bademeisterin und Bademeister,0
Bademeister,Bademeisterinnen und Bademeister,1
Bademeistern,Bademeisterinnen und Bademeistern,1
Bakkalaureus,Bakkalaurea bzw. Bakkalaureus,0
Bankkaufmänner,Bankkauffrauen und Bankkaufmänner,1
Bankkaufmännern,Bankkauffrauen und Bankkaufmännern,1
Bauarbeiter,Bauarbeiter*innen,1
Bauarbeiter,Bauarbeiterin und Bauarbeiter,0
Bauarbeiter,Bauarbeiterinnen und Bauarbeiter,1
Bauarbeitern,Bauarbeiterinnen und Bauarbeitern,1
Bauer,Bäuerin und Bauer,0
Bauern,Bäuerinnen und Bauern,1
Bauherr,Bauherrin bzw. Bauherr,0
Bauingenieur,Bauingenieurin bzw. Bauingenieur,0
Bauingenieure,Bauingenieurinnen und Bauingenieure,1
Bauingenieuren,Bauingenieurinnen und Bauingenieuren,1
Bauinspizient,Bauinspizientin bzw. Bauinspizient,0
Bauinspizient,Bauinspizientin und Bauinspizient,0
Bauinspizienten,Bauinspizient*innen,1
Bautechnischer Zeichner,Bautechnische Zeichner*innen,1
Bautechnischer Zeichner,Bautechnische Zeichnerin bzw. bautechnischer Zeichner,0
Bauwerber,Bauwerber*innen,1
Bauwerber,Bauwerberin und Bauwerber,0
Bauwerber,Bauwerberinnen und Bauwerber,1
Bauwerbern,Bauwerberinnen und Bauwerbern,1
Beamte,Beamt*innen,1
Beamte,Beamtinnen und Beamten,1
Beamten,Beamtinnen und Beamten,1
Beamter,Beamtin bzw. Beamter,0
Bearbeiter,Bearbeiter*innen,1
Bearbeiter,Bearbeiterin bzw. Bearbeiter,0
Bearbeiter,Bearbeiterinnen und Bearbeiter,1
Bearbeiter,bearbeitet von,0
Bedienstetenschutzbeauftragter,Bedienstetenschutzbeauftragte bzw. -beauftragter,0
Bediensteter,Bedienstete bzw. Bediensteter,0
Begleiter,Begleiter*innen,1
Begleiter,Begleiterin und Begleiter,0
Begleiter,Begleiterinnen und Begleiter,1
Begleitern,Begleiterinnen und Begleitern,1
Behindertenbetreuer,Behindertenbetreuer*innen,1
Behindertenbetreuer,Behindertenbetreuerin bzw.-betreuer,0
Beifahrer,Beifahrer*innen,1
Beifahrer,Beifahrerin und Beifahrer,0
Beifahrer,Beifahrerinnen und Beifahrer,1
Beifahrern,Beifahrerinnen und Beifahrern,1
Beifahrersitz,Beifahrsitz,0
Beisitzer,Beisitzende,0
Beisitzer,Beisitzerin und Beisitzer,0
Beisitzer,Beisitzerinnen und Beisitzer,1
Beisitzer,Besitzer*innen,1
Benutzer,Benutzer*in,0
Benutzer,Benutzer*innen,1
Benutzer,Benutzerin und Benutzer,0
Benutzer,Benutzerinnen und Benutzer,1
Benutzereinstellungen,Benutzer*inneneinstellungen,0
Benutzereinstellungen,Benutzerinneneinstellungen und Benutzereinstellungen,1
Benutzerhandbuch,Bedienungsanleitung,0
Benutzerhandbuch,Benutzungshandbuch,0
Benutzerhandbuch,Manual,0
Benutzerinformationen,Benutzer*inneninformationen,0
Benutzerinformationen,Benutzerinneninformationen und Benutzerinformationen,1
Benutzerkalenderliste,Benutzer*innenkalenderliste,0
Benutzerkalenderliste,Benutzerinnenkalenderliste und Benutzerkalenderliste,1
Benutzern,Benutzerinnen und Benutzern,1
Benutzerordnung,Benutzungsordnung,0
Benutzerprofil,Benutzer*innenprofil,0
Benutzerprofil,Benutzerinnenprofil und Benutzerprofil,1
Benutzerstatistiken,Benutzer*innenstatistiken,0
Benutzerstatistiken,Benutzerinnenstatistiken und Benutzerstatistiken,1
Benutzerstellvertretung,Benutzer*innenstellvertretung,0
Benutzerstellvertretung,Benutzerinnenstellvertretung und Benutzerstellvertretung,1
Berater,Beraterin bzw. Berater,0
Berater,Beratung,0
Berater,Sie werden beraten von,0
Berater,es berät Sie,0
Beratertätigkeit,Berater*innentätigkeit,0
Beratertätigkeit,Beratung,0
Bereichsdirektor,Bereichsdirektorin bzw. Bereichsdirektor,0
Bereichsdirektoren,Bereichsdirektor*innen,1
Bereichsleiter,Bereichsleiter*innen,1
Bereichsleiter,Bereichsleiterin bzw. Bereichsleiter,0
Bereichsleiter,Bereichsleitung,0
Beschuldigter,beschuldigte Person,0
Beschwerdemanager,Beschwerdemanager*innen,1
Beschwerdemanager,Beschwerdemanagerin bzw. Beschwerdemanager,0
Beschäftigte,Angestellten,0
Beschäftigte,Belegschaft,0
Beschäftigte,Mitarbeiter*innen,1
Beschäftigte,Personal,0
Besitzender,im Besitz von,0
Besitzer,Besitzerin bzw. Besitzer,0
Besitzer,im Besitz von,0
Besitzerwechsel,Besitzwechsel,0
Besucher,Besucher*innen,1
Besucher,Besucherin bzw. Besucher,0
Besucher,Besucherinnen und Besucher,1
Besuchergruppe,Besuchsgruppe,0
Besuchern,Besucherinnen und Besuchern,1
Besucherparkplatz,Besuchsparkplatz,0
Besucherparkplatz,Parkplatz für Besucher*innen,1
Besucherrückgang,Publikumsrückgang,0
Besucherrückgang,Rückgang der Besuche,0
Besucherrückgang,sinkende Nachfrage,0
Beteiligte,Partei,0
Beteiligte,Vertragspartei,0
Beteiligte,beteiligte Institutionen,0
Betrachter,Betrachtende,0
Betreuer,Betreuer*innen,1
Betreuer,Betreuerin bzw. Betreuer,0
Betreuer,Betreuerinnen und Betreuer,1
Betreuer,Betreuungsperson,0
Betreuern,Betreuerinnen und Betreuern,1
Betriebsarzt,Betriebsärztin bzw. Betriebsarzt,0
Betriebsassistent,Betriebsassistentin bzw.- assistent,0
Betriebsassistenten,Betriebsassistent*innen,1
Betriebsinspektor,Betriebsinspektorin bzw. -inspektor,0
Betriebsinspektoren,Betriebsinspektor*innen,1
Betriebskontrollor,Betriebskontrollorin bzw. -kontrollor,0
Betriebskontrollore,Betriebskontrollor*innen,1
Betriebsleiter,Betriebsleiterin bzw. -leiter,0
Betriebsleiter,Betriebsleitung,0
Betriebsoberinspektor,Betriebsoberinspektorin bzw. - oberinspektor,0
Betriebsoberinspektoren,Betriebsoberinspektor*innen,1
Betriebsorganisator,Betriebsorganisatorin bzw. - organisator,0
Betriebsorganisatoren,Betriebsorganisator*innen,1
Betriebsprüfer,Betriebsprüfer*innen,1
Betriebsprüfer,Betriebsprüferin bzw. Betriebsprüfer,0
Betriebsprüfer,Betriebsprüferinnen und Betriebsprüfer,1
Betriebsprüfern,Betriebsprüferinnen und Betriebsprüfern,1
Betriebsrat,Betriebsrätin bzw. Betriebsrat,0
Betriebsräte,Betriebsrätinnen und Betriebsräte,1
Betriebsvorstand,Betriebsvorständin bzw. -vorstand,0
Betriebsvorstände,Betriebsvorständinnen und -vorstände,1
Betriebsärzte,Betriebsärzt*innen,1
Betriebsärzte,Betriebsärztinnen und Betriebsärzte,1
Bewerber,Bewerber*innen,1
Bewerber,Bewerberin bzw. Bewerber,0
Bewerber,Bewerberinnen und Bewerber,1
Bewerbern,Bewerberinnen und Bewerbern,1
Bewerberzahlen,Bewerbungszahlen,0
Bewohner,Bewohner*innen,1
Bewohner,Bewohnerin bzw. Bewohner,0
Bewohner,Bewohnerinnen und Bewohner,1
Bewohnern,Bewohnerinnen und Bewohnern,1
Bezirksamtsleiter,Bezirksamtsleiter*innen,1
Bezirksamtsleiter,Bezirksamtsleiterin bzw. -amtsleiter,0
Bezirkskoordinator,Bezirkskoordinatorin bzw. - koordinator,0
Bezirkskoordinatoren,Bezirkskoordinator*innen,1
Bezirkskoordinatoren,Bezirkskoordinatorinnen und -koordinatoren,1
Bezirksrat,Bezirksrätin bzw. Bezirksrat,0
Bezirksreferent,Bezirksreferentin bzw. -referent,0
Bezirksräte,Bezirksrätinnen und Bezirksräte,1
Bezirksseniorenbeauftragter,Bezirksseniorenbeauftragte bzw. -beauftragter,0
Bezirksvorsteher,Bezirksvorsteher*innen,1
Bezirksvorsteher,Bezirksvorsteherin bzw. -vorsteher,0
Bezirksvorsteher,Bezirksvorsteherinnen und Bezirksvorsteher,1
Bezirkswahlleiter,Bezirkswahlleitung,0
Bibliothekar,Bibliothekarin und Bibliothekar,0
Bibliothekare,Bibliothekar*innen,1
Bibliothekare,Bibliothekarinnen und Bibliothekare,1
Bibliothekaren,Bibliothekarinnen und Bibliothekaren,1
Bierbrauer,Bierbrauer*innen,1
Bierbrauer,Bierbrauerin und Bierbrauer,0
Bierbrauer,Bierbrauerinnen und Bierbrauer,1
Bierbrauern,Bierbrauerinnen und Bierbrauern,1
Bildhauer,Bildhauer*innen,1
Bildhauer,Bildhauerin und Bildhauer,0
Bildhauer,Bildhauerinnen und Bildhauer,1
Bildhauern,Bildhauerinnen und Bildhauern,1
Biologe,Biologin und Biologe,0
Biologen,Biologinnen und Biologen,1
Biomedizinische Analytiker,Biomedizinische Analytiker*innen,1
Biomedizinischer Analytiker,Biomedizinische Analytikerin bzw. Biomedizinischer Analytiker,0
Bischof,Bischöfin bzw. Bischof,0
Blockelektriker,Blockelektrikerin und Blockelektriker,0
Blockelektriker,Blockelektrikerinnen und Blockelektriker,1
Blutdepotbeauftragter,Blutdepotbeauftragte bzw. -beauftragter,0
Branddirektor,Branddirektor bzw. -direktorin,0
Branddirektor,Branddirektorin bzw. Branddirektor,0
Branddirektoren,Branddirektor*innen,1
Branddirektoren,Branddirektorinnen und Branddirektoren,1
Brandschutzansprechpartner,Brandschutzansprechpartner*innen,1
Brandschutzansprechpartner,Brandschutzansprechpartnerin bzw. -ansprechpartner,0
Brandschutzbeauftragter,Brandschutzbeauftragte bzw. -beauftragter,0
Brandschutzwart,Brandschutzwartin bzw. -schutzwart,0
Brandschutzwarte,Brandschutzwart*innen,1
Brauer,Brauer*innen,1
Brauer,Brauerin bzw. Brauer,0
Brauer,Brauerinnen und Brauer,1
Brauern,Brauerinnen und Brauern,1
Bregenzer,Bregenzer*innen,1
Bregenzer,Bregenzerin bzw. Bregenzer,0
Bregenzer,Bregenzerinnen und Bregenzer,1
Bregenzern,Bregenzerinnen und Bregenzern,1
Brüderlichkeit,Solidarität,0
Buchbinder,Buchbinder*innen,1
Buchbinder,Buchbinderin bzw. Buchbinder,0
Buchbinder,Buchbinderin und Buchbinder,0
Buchbinder,Buchbinderinnen und -binder,1
Buchhalter,Buchhalter*innen,1
Buchhalter,Buchhalterin bzw. Buchhalter,0
Buchhalter,Buchhalterinnen und Buchhalter,1
Buchhaltern,Buchhalterinnen und Buchhaltern,1
Budgetkoordinator,Budgetkoordinatorin bzw. -koordinator,0
Budgetkoordinatoren,Budgetkoordinator*innen,1
Budgetkoordinatoren,Budgetkoordinatorinnen und -koordinatoren,1
Budgetreferent,Budgetreferentin bzw. -referent,0
Budgetreferenten,Budgetreferent*innen,1
Budgetreferenten,Budgetrefertinnen und -referenten,1
Bundespräsidentenwahl,Bundespräsidentschaftswahl,0
Burgenländer,Burgenländer*innen,1
Burgenländer,Burgenländerin und Burgenländer,0
Burgenländer,Burgenländerinnen und Burgenländer,1
Burgenländern,Burgenländerinnen und Burgenländern,1
Bäcker,Bäcker*innen,1
Bäcker,Bäckerin und Bäcker,0
Bäcker,Bäckerinnen und Bäcker,1
Bäckern,Bäckerinnen und Bäckern,1
Börsenmakler,Börsenmakler*innen,1
Börsenmakler,Börsenmaklerin und Börsenmakler,0
Börsenmakler,Börsenmaklerinnen und Börsenmakler,1
Börsenmaklern,Börsenmaklerinnen und Börsenmaklern,1
Bürger,Bevölkerung,0
Bürger,Bürger*innen,1
Bürger,Bürgerin bzw. Bürger,0
Bürger,Bürgerinnen und Bürger,1
Bürgerbeteiligung,beteiligte Institutionen bzw. Beteiligung von Bürgerinnen und Bürgern,0
Bürgerdienst,Service für Bürgerinnen und Bürger,1
Bürgermeister,Bürgermeister*innen,1
Bürgermeister,Bürgermeisterin bzw. Bürgermeister,0
Bürgermeister,Bürgermeisterinnen und Bürgermeister,1
Bürgermeistern,Bürgermeisterinnen und Bürgermeistern,1
Bürgern,Bürgerinnen und Bürgern,1
Bürgerversammlung,Versammlung von Bürgerinnen und Bürgern,1
Bürohelfer,Bürohelferin bzw. -helfer,0
Bürokaufmann,Bürokauffrau bzw. -kaufmann,0
Bürokaufmänner,Bürokaufleute,0
Büroleiter,Büroleiter*innen,1
Büroleiter,Büroleiterin bzw. -leiter,0
Büroleiter,Büroleiterinnen und -leiter,1
Chauffeur,Chauffeurin bzw. Chauffeur,0
Chauffeure,Lenker*innen,1
Chef,Chefin bzw. Chef,0
Chefredakteur,Chefredakteurin bzw. - redakteur,0
Chefsache,Sache mit oberster Priorität,0
Chefsekretärin,Chefsekretärin bzw. -sekretär,0
Chemiker,Chemiker*innen,1
Chemiker,Chemikerin bzw. Chemiker,0
Chemiker,Chemikerin und Chemiker,0
Chemiker,Chemikerinnen und Chemiker,1
Chemikern,Chemikerinnen und Chemikern,1
Chirurg,Chirurgin bzw. Chirurg,0
Chirurgen,Chirurginnen und Chirurgen,1
Clown,Clownin bzw. Clown,0
Coiffeur,Coiffeuse bzw. Coiffeur,0
Controller,Controller*innen,1
Controller,Controllerin bzw. Controller,0
Controller,Controllerinnen und Controller,1
Controllern,Controllerinnen und Controllern,1
DJ,DJane bzw. DJ,0
Dachdecker,Dachdecker*innen,1
Dachdecker,Dachdeckerin und Dachdecker,0
Dachdecker,Dachdeckerinnen und Dachdecker,1
Dachdeckern,Dachdeckerinnen und Dachdeckern,1
Damenmannschaft,Damenteam,0
Datenschutzreferent,Datenschutzreferentin bzw. -referent,0
Datenverantwortlicher,Datenverantwortliche bzw. -verantwortlicher,0
Dekan,Dekanin bzw. Dekan,0
Dekane,Dekanate,0
Dekane,Dekaninnen und Dekane,1
Delegierten,Delegiertinnen und Delegierte,1
Demonstranten,Demonstrierende,0
Dentist,Dentistin bzw. Dentist,0
Dentisten,Dentisten*innen,1
Dentisten,Dentistinnen und Dentisten,1
Desinfektionsgehilfe,Desinfektionsgehilfin bzw. -gehilfe,0
Desinfektionsgehilfen,Desinfektionsgehilfinnen und -gehilfen,1
Dezentrale Administratoren,Dezentrale Administrator*innen,1
Dezentraler Administrator,Dezentrale Administratorin bzw. Administrator,0
Dezernatsleiter,Dezernatsleiterin bzw. -leiter,0
Dezernatsleiter,Dezernatsleiterinnen und -leiter,1
Dezernatsleiter,Dezernatsleitung,0
Dezernent,Dezernentin bzw. Dezernent,0
Dezernenten,Dezernent*innen,1
Dienstgeber,Dienstgeber*innen,1
Dienstgeber,Dienstgeberin bzw. Dienstgeber,0
Dienstgeber,Dienstgeberinnen und Dienstgeber,1
Dienstleister,Dienstleister*innen,1
Dienstleister,Dienstleisterin bzw. Dienstleister,0
Dienstleister,Dienstleisterinnen und Dienstleister,1
Dienstnehmer,Dienstnehmer*innen,1
Dienstnehmer,Dienstnehmerin bzw. Dienstnehmer,0
Dienstnehmer,Dienstnehmerinnen und Dienstnehmer,1
Dienststellenadministrator,Dienststellenadministration,0
Dienststellenleiter,Dienstellenleiterin bzw. -leiter,0
Dienststellenleiter,Dienststellenleiter*innen,1
Dienststellenleiter,Dienststellenleitung,0
Dipl. Ergotherapeut,Dipl. Ergotherapeutin bzw. Dipl. Ergotherapeut,0
Dipl. Ergotherapeutin,Dipl. Ergotherapeutin bzw. Dipl. Ergotherapeut,0
Dipl. Logopäde,Dipl. Logopädin bzw. Dipl. Logopäde,0
Dipl. Logopädin,Dipl. Logopädin bzw. Dipl. Logopäde,0
Dipl. Physiotherapeutin,Dipl. Physiotherapeutin bzw. Dipl. Physiotherapeut,0
Diplomierte Ergotherapeutin,Diplomierte Ergotherapeutin bzw. Diplomierter Ergotherapeut,0
Diplomierte Gesundheits- und Krankenschwester,Diplomiertes Krankenpflegepersonal,0
Diplomierte Physiotherapeutin,Diplomierte Physiotherapeutin bzw. Diplomierter Physiotherapeut,0
Diplomierte Sozialarbeiter,Diplomierte Sozialarbeiter*innen,1
Diplomierte Sozialarbeiterin,Diplomierte Sozialarbeiterin bzw. Diplomierter Sozialarbeiter,0
Diplomierter Ergotherapeut,Diplomierte Ergotherapeutin bzw. Diplomierter Ergotherapeut,0
Diplomierter Logopäde,Diplomierte Logopädin bzw. Diplomierter Logopäde,0
Diplomierter Sozialarbeiter,Diplomierte Sozialarbeiterin bzw. Diplomierter Sozialarbeiter,0
Diplomingenieur,Diplomingenieurin bzw. Diplomingenieur,0
Diplomingenieure,Diplomingenieur*innen,1
Diplomsozialarbeiter,Diplomsozialarbeiterin bzw. -sozialarbeiter,0
Direktionssekretärin,Direktionssekretärin bzw. Direktionssekretär,0
Direktor,Direktorin bzw. Direktor,0
Direktoren,Direktor*innen,1
Dirigent,Dirigentin bzw. Dirigent,0
Dirigenten,Dirigent*innen,1
Dirigenten,Dirigentinnen und Dirigenten,1
Diätologe,Diätologin bzw. Diätologe,0
Diätologen,Diätolog*innen,1
Doktor,Doktorin bzw. Doktor,0
Doktoren,Doktor*innen,1
Dolmetscher,Dolmetscher*innen,1
Dolmetscher,Dolmetscherin bzw. Dolmetscher,0
Dozent,Dozentin bzw. Dozent,0
Dozenten,Dozentinnen und Dozenten,1
Drechsler,Drechsler*innen,1
Drechsler,Drechslerin bzw. Drechsler,0
Drechsler,Drechslerinnen und Drechsler,1
Drechslern,Drechslerinnen und Drechslern,1
Dreher,Dreher*innen,1
Dreher,Dreherin bzw. Dreher,0
Dreher,Dreherinnen und Dreher,1
Drehern,Dreherinnen und Drehern,1
Dritter Landtagspräsident,Dritte Landtagspräsidentin bzw. dritter Landtagspräsident,0
Drogenkoordinator,Drogenkoordinatorin bzw. Drogenkoordinator,0
Druckereileiter,Druckereileiterin bzw. -leiter,0
E-Rechtverantwortlicher,E-Rechtverantwortliche bzw. -verantwortlicher,0
EDV-Ansprechpartner,EDV-Ansprechpartner*innen,1
EDV-Ansprechpartner,EDV-Ansprechpartnerin bzw. -partner,0
EU-Förderreferent,EU-Förderreferentin bzw. -referent,0
EU-Förderreferenten,EU-Förderreferent*innen,1
Ehegatte,Ehefrau bzw. Ehemann,0
Ehegatte,Ehegattin bzw. Ehegatte,0
Ehegatten,Eheleute,0
Ehegatten,Ehepaar,0
Eigentümer,(im) Eigentum von,0
Eigentümer,Eigentümer*in,0
Eigentümer,Eigentümerin bzw. Eigentümer,0
Ein-Mann-Betrieb,Ein-Personen-Betrieb,0
Einbautenkoordinator,Einbautenkoordinatorin bzw. -koordinator,0
Einbringer,Einbringer*innen,1
Einbringer,Einbringerinnen und Einbringer,1
Einrichter,Einrichter*innen,1
Einrichter,Einrichterin und Einrichter,0
Einrichter,Einrichterinnen und Einrichter,1
Einrichtern,Einrichterinnen und Einrichtern,1
Einsteigerkurs,Basiskurs,0
Einsteigerkurs,Einstiegskurs,0
Einsteigerkurs,Grundkurs,0
Einwanderer,Einwanderin bzw. Einwanderer,0
Einwohner,Einwohner*innen,1
Einwohner,Einwohnerin und Einwohner,0
Einwohner,Einwohnerinnen und Einwohner,1
Einwohner,Population,0
Einwohner,Wohnbevölkerung,0
Einwohnern,Einwohnerinnen und Einwohnern,1
Eisenstädter,Eisenstädter*innen,1
Eisenstädter,Eisenstädterin und Eisenstädter,0
Eisenstädter,Eisenstädterinnen und Eisenstädter,1
Eisenstädtern,Eisenstädterinnen und Eisenstädtern,1
Eisläufer,Eisläufer*innen,1
Eisläufer,Eisläuferin bzw. Eisläufer,0
Eisläufer,Eisläuferinnen und Eisläufer,1
Eisläufern,Eisläuferinnen und Eisläufern,1
Elektriker,Elektriker*innen,1
Elektriker,Elektrikerin bzw. Elektriker,0
Elektriker,Elektrikerinnen und Elektriker,1
Elektrikern,Elektrikerinnen und Elektrikern,1
Elektroingenieur,Elektroingenieurin und Elektroingenieur,0
Elektroingenieure,Elektroningenieurinnen und Elektroingenieure,1
Elektroingenieuren,Elektroingenieurinnen und Elektroingenieure,1
Elektroinstallateur,Elektroinstallateurin und Elektroinstallateur,0
Elektroinstallateure,Elektroinstallateurinnen und Elektroninstallateure,1
Elektroinstallateuren,Elektroinstallateurinnen und Elektroninstallateuren,1
Elektrokarrenführer,Elektrokarrenführerin bzw. Elektrokarrenführer,0
Elektrokarrenführer,Elektrokarrenführerinnen und -führer,1
Elektromonteur,Elektromonteurin und Elektromonteur,0
Elektromonteure,Elektromonteurinnen und Elektromonteure,1
Elektromonteuren,Elektromonteurinnen und Elektromonteure,1
Empfänger,Empfänger*innen,1
Empfänger,Empfängerin bzw. Empfänger,0
Empfänger,bestimmt für,0
Empfänger,empfangen von,0
Entwickler,Entwickler*innen,1
Entwickler,Entwicklerin bzw. Entwickler,0
Entwickler,Entwicklerinnen und Entwickler,1
Entwicklungsbeauftragter,Entwicklungsbeauftragte bzw. -beauftragter,0
Entwicklungspartner,Entwicklungspartner*innen,1
Entwicklungspartner,Entwicklungspartnerin bzw. Entwicklungspartner,0
Erbe,Erbberechtigte,0
Erbe,Erbin bzw. Erbe,0
Ereignis an den Benutzer,Ereignis an Benutzer*innen,1
Ereignis an den Benutzer,Ereignis an Benutzerinnen und Benutzer,1
Ergotherapeut,Ergotherapeutin bzw. Ergotherapeut,0
Ergotherapeuten,Ergotherapeut*innen,1
Ersatzmann,Ersatzperson,0
Ersatzmänner,Ersatzmitglieder,0
Erster Landtagspräsident,Erste Landtagspräsidentin bzw. Erster Landtagspräsident,0
Ersthelfer,Ersthelfer*innen,1
Ersthelfer,Ersthelferin bzw. Ersthelfer,0
Erzieher,Erzieher*innen,1
Erzieher,Erzieherin bzw. Erzieher,0
Erzieher,Erzieherinnen und Erzieher,1
Erziehern,Erzieherinnen und Erziehern,1
Europareferent,Europareferentin bzw. -referent,0
Europäer,Europäer*innen,1
Europäer,Europäerin bzw. Europäer,0
Europäer,Europäerinnen und Europäer,1
Europäern,Europäerinnen und Europäern,1
Evaluator,Evaluatorin bzw. Evaluator,0
Evaluatoren,Evaluator*innen,1
Evaluatoren,Evaluierungsteam,0
Experte,Fachleute,0
Expertengremium,Expert*innengremium,0
Expertengremium,Gremium von Expertinnen und Experten,1
Expertenjury,Expert*innenjury,0
Expertentagung,Fachtagung,0
Expertenwissen,Fachwissen,0
Expertenwissen,Fachwissen; Expertise,0
Fachabteilungsleiter,Fachabteilungsleitung,0
Facharbeiter,Facharbeiter*innen,1
Facharbeiter,Facharbeiterin bzw. Facharbeiterin,0
Facharzt,Fachärztin bzw. Facharzt,0
Fachassistent,Fachassistentin bzw. Fachassistent,0
Fachassistent,Fachassistenz,0
Fachassistenten,Fachassistent*innen,1
Fachassistenten,Fachassistenz,0
Fachbediensteter,Fachbedienstete bzw. Fachbediensteter,0
Fachbereichsleiter,Fachbereichsleiterin bzw. -leiter,0
Fachbereichsleiter,Fachbereichsleiterinnen und Fachbereichsleiter,1
Fachbereichsmanager,Fachbereichsmanagerin bzw. -manager,0
Fachbereitsleiter,Fachbereichsleitung,0
Fachgehilfe,Fachgehilfin bzw. -gehilfe,0
Fachgehilfen,Fachgehilfinnen und Fachgehilfen,1
Fachmann,Fachfrau bzw. Fachmann,0
Fachmann,Fachkraft,0
Fachmann,Fachleute,0
Fachmänner,Fachleute,0
Fachreferent,Fachreferentin bzw. Fachreferent,0
Fachreferenten,Fachreferent*innen,1
Fachwerkmeister,Fachwerkmeister*innen,1
Fachwerkmeister,Fachwerkmeisterin bzw. -werkmeister,0
Fachwissenschaftler,Fachforschende,0
Fahrer,Fahrer*innen,1
Fahrer,Fahrerin bzw. Fahrer,0
Fahrer,Fahrerinnen und Fahrer,1
Fahrern,Fahrerinnen und Fahrern,1
Familienreferent,Familienreferentin bzw. -referent,0
Familienreferenten,Familienreferent*innen,1
Familientherapeut,Familientherapeutin bzw. -therapeut,0
Familientherapeuten,Familientherapeut*innen,1
Ferialpraktikant,Ferialpraktikantin bzw. Ferialpraktikant,0
Ferialpraktikanten,Ferialpraktikantinnen und Ferialpraktikanten,1
Feuerwehrmann,Feuerwehrfrau bzw. Feuerwehrmann,0
Feuerwehrmänner,Feuerwehrleute,0
Fiaker,Fiaker*innen,1
Fiaker,Fiakerin bzw. Fiaker,0
Fiaker,Fiakerinnen und Fiaker,1
Fiakern,Fiakerinnen und Fiakern,1
Filmvorführer,Filmvorführer*innen,1
Filmvorführer,Filmvorführerin bzw. Filmvorführer,0
Finanzreferent,Finanzreferentin bzw. Finanzreferent,0
Finanzreferenten,Finanzreferent*innen,1
Fischer,Fischer*innen,1
Fischer,Fischerin bzw. Fischer,0
Fischer,Fischerinnen und Fischer,1
Fischern,Fischerinnen und Fischern,1
Fleischer,Fleischer*innen,1
Fleischer,Fleischerin und Fleischer,0
Fleischer,Fleischerinnen und Fleischer,1
Fleischern,Fleischerinnen und Fleischern,1
Fleischhauer,Fleischhauer*innen,1
Fleischhauer,Fleischhauerin bzw. Fleischhauer,0
Fleischhauer,Fleischhauerinnen und Fleischhauer,1
Fleischhauern,Fleischhauerinnen und Fleischhauern,1
Fliesenleger,Fliesenleger*innen,1
Fliesenleger,Fliesenlegerin und Fliesenleger,0
Fliesenleger,Fliesenlegerinnen und Fliesenleger,1
Fliesenlegern,Fliesenlegerinnen und Fliesenlegern,1
Fluglotse,Fluglotsin bzw. Fluglotse,0
Fluglotsen,Fluglotsinnen und Fluglotsen,1
Formularverantwortlicher,Formularverantwortliche bzw. Formularverantwortlicher,0
Forscher,Forscher*innen,1
Forscher,Forscherin bzw. Forscher,0
Forscher,Forscherinnen und Forscher,1
Forschern,Forscherinnen und Forschern,1
Forscherteam,Forschungsteam,0
Fragen Sie Ihren Arzt oder Apotheker.,Holen Sie sich ärztlichen oder pharmazeutischen Rat.,0
Frauengesundheitsbeauftragter,Frauengesundheitsbeauftragte bzw. -beauftragter,0
Frauenmannschaft,Frauenteam,0
Freigänger,Freigänger*innen,1
Freigänger,Freigängerin bzw. Freigänger,0
Freigänger,Freigängerinnen und Freigänger,1
Freigängern,Freigängerinnen und Freigängern,1
Fremdenführer,Fremdenführer*innen,1
Fremdenführer,Fremdenführerin bzw. Fremdenführer,0
Fremdenführerprüfung,Prüfung von Fremdenführer*innen,1
Friseur,Friseurin bzw. Friseur,0
Friseure,Friseurinnen und Friseure,1
Friseurin,Friseurin bzw. Friseur,0
Friseurinnen,Friseurinnen und Friseure,1
Frisör,Frisörin bzw. Frisör,0
Frisöre,Frisörinnen und Frisöre,1
Frisören,Frisörinnen und Frisören,1
Funktionäre,Funktionärin bzw. Funktionär,0
Funktionäre,Funktionärinnen und Funktionäre,1
Funktionären,Funktionärinnen und Funktionären,1
Fußballspieler,Fußballspielende,0
Fußgänger,zu Fuß Gehende,0
Fußgängerdurchgang,Durchgang,0
Fußgängerzone,autofreie Zone,0
Fußgängerzone,verkehrsarme Zone,0
Fußgängerzone,verkehrsfreie Zone,0
Fußgängerübergang,Zebrastreifen,0
Fährmann,Fährfrau bzw. Fährmann,0
Fördernehmer,Fördernehmer*innen,1
Fördernehmer,Fördernehmerin bzw. Fördernehmer,0
Fördernehmer,Fördernehmerinnen und Fördernehmer,1
Förster,Förster*innen,1
Förster,Försterin bzw. Förster,0
Förster,Försterinnen und Förster,1
Förstern,Försterinnen und Förstern,1
Führer,Führer*innen,1
Führer,Führerin und Führer,0
Führer,Führerinnen und Führer,1
Führern,Führerinnen und Führern,1
Garagenmeister,Garagenmeister*in,0
Garagenmeister,Garagenmeister*innen,1
Garagenmeister,Garagenmeisterin bzw. -meister,0
Garderobier,Gaderobiere und Garderobier,1
Gartenbezirksleiter,Gartenbezirksleiter*innen,1
Gartenbezirksleiter,Gartenbezirksleiterin bzw. -leiter,0
Gartenbezirksleiter,Gartenbezirksleiterinnen und Gartenbezirksleiter,1
Gartenbezirksleitern,Gartenbezirksleiterinnen und Gartenbezirksleitern,1
Gartenwerkmeister,Gartenwerkmeister*innen,1
Gartenwerkmeister,Gartenwerkmeisterin bzw. -meister,0
Gast,Eingeladene,0
Gast,Gästin bzw. Gast,0
Gasthörer,Studierende im Gaststudium,0
Gebietsreferent,Gebietsreferent*innen,1
Gebietsreferent,Gebietsreferentin bzw. -referent,0
Gebietsreferenten,Gebietsreferentinnen bzw. -referenten,0
Gefahrengutbeauftragter,Gefahrengutbeauftragte bzw.- beauftragter,0
Geldgeber,Geldgebende,0
Generaldirektor,Generaldirektorin bzw. -direktor,0
Generaldirektoren,Generaldirektor*innen,1
Generaldirektoren,Generaldirektorinnen bzw. Generaldirektor,0
Generalsekretär,Generalsekretärin bzw. -sekretär,0
Generalsekretäre,Generalsekretär*innen,1
Generalsekretäre,Generalsekretärinnen und Generalsekretäre,1
Genforscher,Genforscher*innen,1
Genforscher,Genforscherin bzw. -forscher,0
Genforscher,Genforscherinnen und Genforscher,1
Genforschern,Genforscherinnen und Genforschern,1
Genosse,Genossin bzw. Genosse,0
Genossen,Genossinnen und Genossen,1
Genossenschafter,Genossenschafter*innen,1
Genossenschafter,Genossenschafterinnen und Genossenschafter,1
Genossenschaftern,Genossenschafterinnen und Genossenschaftern,1
Gerber,Gerber*innen,1
Gerber,Gerberin bzw. Gerber,0
Gerber,Gerberinnen und Gerber,1
Gerbern,Gerberinnen und Gerbern,1
Geschäftsabteilungsleiter,Geschäftsabteilungsleiter*innen,1
Geschäftsabteilungsleiter,Geschäftsabteilungsleiterin bzw. - leiter,0
Geschäftsfeldleiter,Geschäftsfeldleiterin bzw. -leiter,0
Geschäftsfüher,Geschäftsführung; Geschäftsleitung,0
Geschäftsführer,Geschäftsführende,0
Geschäftsführer,Geschäftsführer*innen,1
Geschäftsführer,Geschäftsführerin und Geschäftsführer,0
Geschäftsführer,Geschäftsführerinnen und Geschäftsführer,1
Geschäftsführer,Geschäftsführung,0
Geschäftsführern,Geschäftsführerinnen und Geschäftsführern,1
Geschäftsgruppenkoordinator,Geschäftsgruppenkoordinatorin bzw. -koordinator,0
Geschäftsgruppenkoordinatoren,Geschäftsgruppenkoordinator*innen,1
Geschäftsinhaber,Geschäftsinhaber*innen,1
Geschäftsinhaber,Geschäftsinhaberin bzw. Geschäftsinhaber,0
Geschäftsinhaber,Geschäftsinhaberinnen und Geschäftsinhaber,1
Geschäftsinhabern,Geschäftsinhaberinnen und Geschäftsinhabern,1
Geschäftsleiter,Geschäftsleiter*innen,1
Geschäftsleiter,Geschäftsleiterin bzw. Geschäftsleiter,0
Geschäftsleiter,Geschäftsleiterinnen und Geschäftsleiter,1
Geschäftsleitern,Geschäftsleiterinnen und Geschäftsleitern,1
Gesellschafter,Betriebsgesellschaft,0
Gesellschafter,Gesellschafter*innen,1
Gesellschafter,Gesellschafterin bzw. Gesellschafter,0
Gesellschafter,Gesellschafterinnen und Gesellschafter,1
Gesellschaftern,Gesellschafterinnen und Gesellschaftern,1
Gesetzgeber,Gesetzgebende,0
Gesetzgeber,Legislative,0
Gesetzgeber,gesetzgebende Instanz,0
Gesprächspartner,Gesprächsbeteiligte; Gegenüber,0
Gesundheits- und Krankenpfleger,Gesundheits- und Krankenpfleger*innen,1
Gesundheits- und Krankenpfleger,Gesundheits- und Krankenschwester bzw. -pfleger,0
Gesundheitsreferent,Gesundheitsreferentin bzw. Gesundheitsreferent,0
Gewerkschafter,Gewerkschafter*innen,1
Gewerkschafter,Gewerkschafterin bzw. Gewerkschafter,0
Gewerkschafter,Gewerkschafterinnen und Gewerkschafter,1
Gewerkschaftern,Gewerkschafterinnen und Gewerkschaftern,1
Gewinner,Gewinner*innen,1
Gewinner,Gewinnerin bzw. Gewinner,0
Gewinner,Gewinnerinnen und Gewinner,1
Gewinnern,Gewinnerinnen und Gewinnern,1
Gießer,Gießer*innen,1
Gießer,Gießerin bzw. Gießer,0
Gießer,Gießerinnen und Gießer,1
Gießern,Gießerinnen und Gießern,1
Glasbläser,Glasbläser*innen,1
Glasbläser,Glasbläserin bzw. Glasbläser,0
Glasbläser,Glasbläserinnen und Glasbläser,1
Glasbläsern,Glasbläserinnen und Glasbläsern,1
Glaser,Glaser*innen,1
Glaser,Glaserin und Glaser,0
Glaser,Glaserinnen und Glaser,1
Glasern,Glaserinnen und Glasern,1
Gleichbehandlungsbeauftragte,Gleichbehandlungsbeauftragte bzw. -beauftragter,0
Grafiker,Grafiker*innen,1
Grafiker,Grafikerin bzw. Grafiker,0
Grazer,Grazer*innen,1
Grazer,Grazerin bzw. Grazer,0
Grazer,Grazerinnen und Grazer,1
Grazern,Grazerinnen und Grazern,1
Gruppenleiter,Gruppenleiter*innen,1
Gruppenleiter,Gruppenleiterin bzw. -leiter,0
Gruppenleiter,Gruppenleitung,0
Gründer,Gründer*innen,1
Gründer,Gründerin bzw. Gründer,0
Gründer,Gründerinnen und Gründer,1
Gutachter,Sachverständige,0
Gymnasiast,Gymnasiastin bzw. Gymnasiast,0
Gymnasiasten,Gymnasiastinnen und Gymnasiasten,1
Gymnasiasten,Schüler*innen,1
Gärtner,Gärtner*innen,1
Gärtner,Gärtnerin bzw. Gärtner,0
Gärtner,Gärtnerinnen und Gärtner,1
Gärtnern,Gärtnerinnen und Gärtnern,1
Gäste,Gästinnen und Gäste,1
HTL-Lehrer,HTL-Lehrer*innen,1
HTL-Lehrer,HTL-Lehrerin bzw. HTL-Lehrer,0
HTL-Lehrer,HTL-Lehrerinnen und HTL-Lehrer,1
HTL-Lehrern,HTL-Lehrerinnen und HTL-Lehrern,1
Hacker,Hackerin bzw. Hacker,0
Handybeauftragter,Handybeauftragte bzw. -beauftragter,0
Hauptschullehrer,Hauptschullehrer*innen,1
Hauptschullehrer,Hauptschullehrerin bzw. Hauptschullehrer,0
Hauptschullehrer,Hauptschullehrerinnen und Hauptschullehrer,1
Hauptschullehrer,Lehrkörper,0
Hausarbeiter,Hausarbeiter*innen,1
Hausarbeiter,Hausarbeiterin bzw.- arbeiter,0
Hausfrau,Hausfrau bzw. Hausmann,0
Hausfrauen,Hausfrauen und Hausmänner,1
Haushälter,Haushälter*innen,1
Haushälter,Haushälterin bzw. Haushälter,0
Haushälterin,Haushälterin bzw. Haushälter,0
Hausinspektor,Hausinspektorin bzw. Hausinspektor,0
Hausinspektoren,Hausinspektor*innen,1
Hauskoordinator,Hauskoordinatorin bzw. -koordinator,0
Hauskoordinatoren,Hauskoordinator*innen,1
Hausmeister,Hausmeister*innen,1
Hausmeister,Hausmeisterin bzw. Hausmeister,0
Hausmeister,Hausmeisterinnen und Hausmeister,1
Hausmeistern,Hausmeisterinnen und Hausmeistern,1
Hausprofessionist,Hausprofessionistin bzw. -professionist,0
Hausprofessionisten,Hausprofessionist*innen,1
Hebamme,Hebamme,0
Hebammen,Hebammen,0
Heilmasseur,Heilmasseurin bzw.-masseur,0
Heilmasseure,Heilmasseur*innen,1
Heimhelferin,Heimhelferin bzw. -helfer,0
Heimhelferinnen,Heimhelferinnen und Heimhelfer,1
Heizer,Heizer*innen,1
Heizer,Heizerin bzw. Heizer,0
Heizer,Heizerinnen und Heizer,1
Herausgeber,Herausgeberin bzw. Herausgeber,0
Herausgeber,herausgegeben von,0
Herrscher,Staatsoberhaupt,0
Hersteller,Herstellende,0
Herstellerspezifisch,herstellungsspezifisch,0
Hilfe eines Arztes,ärztliche Hilfe,0
Hilfskoch,Hilfsköchin bzw. -koch,0
Hilfsköche,Hilfsköch*innen,1
Horthelfer,Horthelfer*innen,1
Horthelfer,Horthelferin bzw. -helfer,0
Horthelferin,Horthelferin bzw. -helfer,0
Hörer,Hörer*innen,1
Hörer,Hörerin bzw. Hörer,0
Hörer,Hörerinnen und Hörer,1
Hörern,Hörerinnen und Hörern,1
IKS-Beauftragter,IKS-Beauftragte bzw. IKS-Beauftragter,0
IKT-Referent,IKT-Referentin bzw. -referent,0
IKT-Referenten,IKT-Referent*innen,1
IKT-Sicherheitsbeauftragter,IKT-Sicherheitsbeauftrage bzw. -beauftragter,0
IP-Adressen-Verantwortlicher,IP-Adressen-Verantwortliche bzw. -Verantwortlicher,0
IT-Beauftragter,IT-Beauftragte bzw. IT-Beauftragter,0
IT-Organisator,IT-Organisatorin bzw. IT-Organisator,0
IT-Sicherheitsverantwortlicher,IT-Sicherheitsverantwortliche bzw. -verantwortlicher,0
Immobilienmakler,Immobilienmakler*innen,1
Immobilienmakler,Immobilienmaklerin bzw. -makler,0
Immobilienmakler,Immobilienmaklerinnen und Immobilienmakler,1
Immobilienmaklern,Immobilienmaklerinnen und Immobilienmaklern,1
Infomanager,Infomanager*innen,1
Infomanager,Infomanagerin bzw. -manager,0
Informatiker,Informatiker*innen,1
Informatiker,Informatikerin bzw. Informatiker,0
Informatiker,Informatikerinnen und Informatiker,1
Informatikern,Informatikerinnen und Informatikern,1
Ingenieur,Ingenieurin bzw. Ingenieur,0
Ingenieurarbeit,Planungs- und Konstruktionsarbeit,1
Ingenieure,Ingenieurinnen und Ingenieure,1
Ingenieuren,Ingenieurinnen und Ingenieure,1
Inhabender,Inhabende bzw. Inhhabender,0
Inhabender,im Besitz von,0
Inhaber,Inhaber*innen,1
Inhaber,Inhaberin bzw. Inhaber,0
Innsbrucker,Innsbrucker*innen,1
Innsbrucker,Innsbruckerin bzw. Innsbrucker,0
Innsbrucker,Innsbruckerinnen und Innsbrucker,1
Inspektor,Inspektorin bzw. Inspektor,0
Inspektoren,Inspektor*innen,1
Installateur,Installateurin bzw. Installateur,0
Installateure,Installateurinnen und Installateure,1
Installateuren,Installateurinnen und Installateure,1
Institutsvorstand,Institutsvorständin bzw. -vorstand,0
Intendant,Intendant*innen,1
Intendant,Intendantin bzw. Intendant,0
Intendant,Intendanz,0
Interessenten,Interessierte,0
Interviewer,Interviewende,0
Inventarführer,Inventarführende,0
Inventarführer,Inventarführer*innen,1
Inventarführer,Inventarführerin bzw. Inventarführer,0
Jobsuchender,Jobsuchende bzw. Jobsuchender,0
Jobsuchender,auf Jobsuche,0
Journalist,Journalistin bzw. Journalist,0
Journalisten,Journalist*innen,1
Journalisten,Journalistinnen und Journalisten,1
Journalleiter,Journalleiter*innen,1
Journalleiter,Journalleiterin bzw. -leiter,0
Jugendombudsmann,Jugendombudsfrau bzw. -mann,0
Jugendombudsmann,Jugendombudsstelle,0
Jugendombudsmänner,Jugendombudsleute,0
Jungbürgerveranstaltung,Veranstaltung für Jungbürgerinnen und Jungbürger,1
Jurist,Juristin bzw. Jurist,0
Juristen,Juristinnen und Juristen,1
KTH-Administrator,KTH-Administratorin bzw. KTH-Administrator,0
KTH-Inspektor,KTH-Inspektorin bzw. KTH-Inspektor,0
Kabarettist,Kabarettistin und Kabarettist,0
Kabarettisten,Kabarettistinnen und Kaberettisten,1
Kameramänner,Kamerateam,0
Kanalarbeiter,Kanalarbeiter*innen,1
Kanalarbeiter,Kanalarbeiterin bzw. -arbeiter,0
Kanzleigehilfin,Kanzleigehilfin bzw. -gehilfe,0
Kanzleilehrling,weiblicher bzw. männlicher Kanzleilehrling,0
Kanzleileiter,Kanzleileiterin bzw.- leiter,0
Kanzleileiterin,Kanzleileiterin bzw.- leiter,0
Kapitän,Kapitänin bzw. Kapitän,0
Kardiotechniker,Kardiotechnikerin bzw. -techniker,0
Karthographischer Zeichner,Karthographische Zeichner*innen,1
Karthographischer Zeichner,Karthographische Zeichnerin bzw. karthographischer Zeichner,0
Kartograf,Kartografin bzw. Kartograf,0
Kartografen,Kartograf*innen,1
Kartograph,Kartographin bzw. Kartograph,0
Kartographen,Kartograph*innen,1
Kassier,Kassierin bzw. Kassier,0
Kassierer,Kassierer*innen,1
Kassierer,Kassiererinnen und Kassierer,1
Kassierern,Kassiererinnen und Kassierern,1
Katholik,Katholikin bzw. Katholik,0
Katholiken,Katholikinnen und Katholiken,1
Kaufmann,Kauffrau bzw. Kaufmann,0
Kaufmänner,Kauffrauen und Kaufmänner,1
Kaufmänner,Kaufleute,0
Kaufmännischer Leiter,Betriebswirtschafliche Leitung,0
Kaufmännischer Referent,betriebswirtschafliche Referentin bzw. betriebswirtschaflicher Referent,0
Kehrbezirksleiter,Kehrbezirksleiterin bzw. -leiter,0
Kellner,Kellner*innen,1
Kellner,Kellnerin bzw. Kellner,0
Kellner,Kellnerinnen und Kellner,1
Kinder- und Jugendanwalt,Kinder- und Jugendanwältin bzw. -anwalt,0
Kinder- und Jugendanwälte,Kinder- und Jugendanwaltschaft,1
Kinder- und Jugendanwälte,Kinder- und Jugendanwält*innen,1
Kinderfacharzt,Kinderfachärztin bzw. -facharzt,0
Kindergartenassistentin,Kindergartenassistentin bzw. assistent,0
Kindergartenpädagogin,Kindergartenpädagogin bzw. -pädagoge,0
Kindergärtner,Kindergartenpädagoginnen und Kindergartenpädagogen,1
Kindergärtnerin,Kindergartenpädagogin bzw. -pädagoge,0
Kindergärtnerinnen,Kindergartenpädagog*innen,1
Kindersingschulleiter,Kindersingschulleiterin bzw. -leiter,0
Kindersingschulleiter,Kindersingschulleitung,0
Kindertagesheiminspektorin,Kindertagesheiminspektorin bzw.- inspektor,0
Klagenfurter,Klagenfurter*innen,1
Klagenfurter,Klagenfurterin bzw. Klagenfurter,0
Klagenfurter,Klagenfurterinnen und Klagenfurter,1
Klagenfurtern,Klagenfurterinnen und Klagenfurtern,1
Klassensprecher,Klassensprecher*innen,1
Klassensprecher,Klassensprecherin bzw. Klassensprecher,0
Klassensprecher,Klassensprecherinnen und Klassensprecher,1
Klinische Psychologen,Klinische Psychologinnen und Psychologen,1
Klinischer Psychologe,Klinische Psychologin bzw. klinischer Psychologe,0
Klubdirektor,Klubdirektorin bzw.- Klubdirektor,0
Klubobmann,Klubobfrau bzw. -obmann,0
Klubvorsitzender,Klubvorsitzende bzw. - vorsitzender,0
Koch,Köchin bzw. Koch,0
Kollege,Kollegin bzw. Kollege,0
Kollegen,Kolleginnen und Kollegen,1
Kommissar,Kommissarin bzw. Kommissar,0
Kommissare,Kommissarinnen und Kommissare,1
Kommissaren,Kommissarinnen und Kommissaren,1
Komponist,Komponistin bzw. Komponist,0
Komponisten,Komponistinnen und Komponisten,1
Konditor,Konditorin bzw. Konditor,0
Konditor,Konditorinnen und Konditor,1
Konsument,Konsumentin bzw. Konsument,0
Konsumenten,Konsument*innen,1
Konsumenten,Konsumentinnen und Konsumenten,1
Konsumenten,Kundschaft,0
Konsumentenberatung,Beratung von Konsumentinnen und Konsumenten,1
Konsumentenschutz,Konsument*innenschutz,0
Kontrakt- und Berichtswesenbeauftragter,Kontrakt- und Berichtswesenbeauftragte bzw. -beauftragter,0
Kontraktverantwortlicher,Kontraktverantwortliche bzw. -verantwortlicher,0
Kontrollamtsdirektor,Kontrollamtsdirektorin bzw. -direktor,0
Kontrolleur,Kontrolleurin bzw. Kontrolleur,0
Kooperationspartner,in Kooperation mit,0
Koordinator,Koordinatorin bzw. Koordinator,0
Koordinatoren,Koordinator*innen,1
Korbmacher,Korbmacher*innen,1
Korbmacher,Korbmacherin bzw. Korbmacher,0
Korbmacher,Korbmacherinnen und Korbmacher,1
Kosmetiker,Kosmetikerin bzw. Kosmetiker,0
Kosmetiker,Kosmetikerinnen und Kosmetiker,1
Kosmetikern,Kosmetikerinnen und Kosmetikern,1
Kraftfahrer,Kraftfahrer*innen,1
Kraftfahrer,Kraftfahrerin bzw. Kraftfahrer,0
Kraftfahrer,Kraftfahrerinnen und Kraftfahrer,1
Kraftfahrern,Kraftfahrerinnen und Kraftfahrern,1
Kraftfahrzeuglenker,Kraftfahrzeuglenker*innen,1
Kraftwagenlenker,Kraftwagenlenkerin bzw.-lenker,0
Krankenpfleger,Krankenpfleger*innen,1
Krankenpfleger,Krankenpflegerin bzw. Krankenpfleger,0
Krankenpfleger,Krankenpflegerinnen und Krankenpfleger,1
Krankenpfleger,Pflegepersonal,0
Krankenpflegern,Krankenpflegerinnen und Krankenpflegern,1
Krankenschwester,Krankenschwester bzw. -pfleger,0
Krankenschwestern,Krankenpflegepersonal,0
Krankenschwestern,Krankenschwestern und Krankenpfleger,1
Krankenschwestern,Krankenschwestern und Krankenpflegern,1
Kritiker,kritische Stimmen,0
Kubobmänner,Klubobleute,0
Kunde,Kundschaft,0
Kunden,Kundinnen und Kunden,1
Kundendienst,Auskunftsstelle,0
Kundendienst,Serviceabteilung,0
Kundendienststellenleiter,Kundendienststellenleiterin bzw. -leiter,0
Kundenmagnet,Anziehungspunkt,0
Kundenwerbung,Akquisition,0
Kurator,Kuratorin bzw. Kurator,0
Kustos,Kustodin bzw. Kustos,0
Kärntner,Kärntner*innen,1
Kärntner,Kärntnerin bzw. Kärntner,0
Kärntner,Kärntnerinnen und Kärntner,1
Kärntnern,Kärntnerinnen und Kärntnern,1
Käufer,Käuferin bzw. Käufer,0
Köche,Köchinnen und Köche,1
Köchen,Köchinnen und Köchen,1
Küchengehilfe,Küchengehilfin bzw. -gehilfe,0
Küchenleiter,Küchenleiterin bzw. -leiter,0
Künstler,Künstler*innen,1
Künstler,Künstlerin bzw. Künstler,0
Künstler,Künstlerinnen und Künstler,1
Künstlern,Künstlerinnen und Künstlern,1
Kürschner,Kürschner*innen,1
Kürschner,Kürschnerin bzw. Kürschner,0
Kürschner,Kürschnerinnen und Kürschner,1
Kürschnern,Kürschnerinnen und Kürschnern,1
Laborant,Laborantin bzw. Laborant,0
Laborant,Laborfachkraft,0
Laboranten,Laborantinnen und Laboranten,1
Laborgehilfe,Laborgehilfin bzw. -gehilfe,0
Laborgehilfe,Laborgehilfin bzw. Laborgehilfe,0
Laborgehilfen,Laborgehilf*innen,1
Ladeninhaber,Ladeninhaber*innen,1
Ladeninhaber,Ladeninhaberin und Ladeninhaber,0
Ladeninhaber,Ladeninhaberinnen und Ladeninhaber,1
Ladeninhabern,Ladeninhaberinnen und Ladeninhabern,1
Lagerleiter,Lagerleiterin bzw. -leiter,0
Lagerleiter,Lagerleitung,0
Landeshauptmann,Landeshauptfrau bzw. -mann,0
Landeshauptmänner,Landeshauptleute,0
Landessanitätsdirektor,Landessanitätsdirektorin bzw. -direktor,0
Landesschulinspektor,Landesschulinspektorin bzw. - inspektor,0
Landsmann,Landsfrau bzw. -mann,0
Landtagsdirektor,Landtagsdirektorin bzw. Landtagsdirektor,0
Landtagspräsident,Landtagspräsidentin bzw. Landtagspräsident,0
Lateinamerikaner,Lateinamerikaner*innen,1
Lateinamerikaner,Lateinamerikanerin und Lateinamerikaner,0
Lateinamerikaner,Lateinamerikanerinnen und Lateinamerikaner,1
Lateinamerikanern,Lateinamerikanerinnen und Lateinamerikanern,1
Lebensgefährte,Lebensgefährtin bzw. Lebensgefährte,0
Lebensgefährten,Lebensgefährtinnen und Lebensgefährten,1
Lehrer,Lehrer*innen,1
Lehrer,Lehrerin bzw. Lehrer,0
Lehrer,Lehrerinnen und Lehrer,1
Lehrerkonferenz,Konferenz der Lehrkräfte,0
Lehrern,Lehrerinnen und Lehrern,1
Lehrerstelle,Stelle der Lehrerinnen und Lehrer,1
Lehrerteam,Team der Unterrichtenden,0
Lehrling,weiblicher bzw. männlicher Lehrling,0
Lehrlingsausbilder,Lehrlingsausbilderin bzw. Lehrlingsausbilder,0
Lehrlingskoordinator,Lehrlingskoordinatorin bzw. Lehrlingskoordinator,0
Lehrwerkstättengehilfe,Lehrwerkstättengehilfin bzw. Lehrwerkstättengehilfe,0
Lehrwerkstättenmeister,Lehrwerkstättenmeisterin bzw. Lehrwerkstättenmeister,0
Leitender Diplomsozialarbeiter,Leitende Diplomsozialarbeiterin bzw. leitender Diplomsozialarbeiter,0
Leitender Kindertagesheimadministrator,Leitende Kindertagesheimadministratorin bzw. Leitender Kindertagesheimadministrator,0
Leitender Rechtsfürsorger,Leitende Rechtsfürsorgerin bzw. leitender Rechtsfürsorger,0
Leitender Rechtsvertreter,Leitende Rechtsvertreterin bzw. leitender Rechtsvertreter,0
Leitender Referent,Leitende Referentin bzw. leitender Referent,0
Leitender Sozialarbeiter,Leitende Sozialarbeiterin bzw. leitender Sozialarbeiter,0
Leitender Stationsassistent,Leitende Stationsassistentin bzw. leitender Stationsassistent,0
Leiter,Leiter*innen,1
Leiter,Leiterin bzw. Leiter,0
Leiter,Leiterinnen und Leiter,1
Leiter,Leitung,0
Leitern,Leiterinnen und Leitern,1
Lektor,Lektorin und Lektor,0
Lektoren,Lektorinnen und Lektoren,1
Lenker,Lenker*innen,1
Lenker,Lenkerin bzw. Lenker,0
Lenker,Lenkerinnen und Lenker,1
Lenkererhebung,Erhebung der Lenkerin bzw. des Lenkers,0
Lenkern,Lenkerinnen und Lenkern,1
Lieferant,Lieferantin bzw. Lieferant,0
Lieferanten,Lieferant*innen,1
Lieferanten,Lieferfirma,0
Linzer,Linzer*innen,1
Linzer,Linzerin bzw. Linzer,0
Linzer,Linzerinnen und Linzer,1
Linzern,Linzerinnen und Linzern,1
Liquidator,Liquidatorin bzw. Liquidator,0
Liquidatoren,Liquidator*innen,1
Liquidatoren,Liquidatorinnen und Liquidatoren,1
Logistiker,Logistiker*innen,1
Logistiker,Logistikerin bzw. Logistiker,0
Logistiker,Logistikerinnen und Logistiker,1
Logistikern,Logistikerinnen und Logistikern,1
Logopäde,Logopädin bzw. Logopäde,0
Logopäden,Logopäd*innen,1
Logopäden,Logopädinnen und Logopäden,1
Logopädin,Logopädin bzw. Logopäde,0
Lokführer,Lokführer*innen,1
Lokführer,Lokführerin bzw. Lokführer,0
Lokführer,Lokführerinnen und Lokführer,1
Lokführern,Lokführerinnen und Lokführern,1
Lokomotivführer,Lokomotivführerin und Lokomotivführer,0
Lokomotivführern,Lokomotivführerinnen und Lokomotivführern,1
Lotse,Lotsin bzw. Lotse,0
Lotsen,Lotsinnen und Lotsen,1
Luftbildauswerter,Auswerter*innen von Luftbildern,1
Luftbildauswerter,Luftbildauswerterin bzw. - auswerter,0
Lungenfacharzt,Lungenfachärztin bzw. -facharzt,0
Magazineur,Magazineurin bzw. Magazineur,0
Magazineure,Magazineur*innen,1
Magister,Magistra bzw. Magister,0
Magistratsdirektor,Magistratsdirektorin bzw. -direktor,0
Makler,Makler*innen,1
Makler,Maklerin bzw.  Makler,0
Makler,Maklerinnen und Makler,1
Maler,Maler*innen,1
Maler,Malerin bzw. Maler,0
Maler,Malerinnen und Maler,1
Malern,Malerinnen und Malern,1
Manager,Führungskraft,0
Manager,Führungskräfte,0
Manager,Manager*innen,1
Manager,Managerin bzw. Manager,0
Manager,Managerinnen und Manager,1
Managern,Managerinnen und Managern,1
Mandatar,Mandatarin bzw. Mandatar,0
Mandatare,Mandatar*innen,1
Mannjahr,Personenjahr,0
Mannjahre,Personenjahre,0
Mannmonate,Personenmonate,0
Mannschaft,Belegschaft,0
Mannschaft,Besatzung,0
Mannschaft,Gruppe,0
Mannschaft,Kollektiv,0
Mannschaft,Team,0
Mannschaften,Gruppen,0
Mannschaften,Teams,0
Mannstunde,Arbeitsstunde,0
Mannstunde,Personenstunde,0
Manntage,Personentage,0
Marketingleiter,Marketingleiterin bzw. -leiter,0
Marktgehilfe,Marktgehilfin bzw. -gehilfe,0
Marktmeister,Marktmeister*innen,1
Marktmeister,Marktmeisterin bzw. -meister,0
Maschinenarbeiter,Maschinenarbeiterin und Maschinenarbeiter,0
Maschinenarbeiter,Maschinenarbeiterinnen und Maschinenarbeiter,1
Maschinenbauingenieur,Maschinenbauingenieurin bzw. Maschinenbauingenieur,0
Maschinenbauingenieure,Maschinenbauingenieurinnen und Maschinenbauingenieure,1
Maschinenbauingenieuren,Maschinenbauingenieurinnen und Maschinenbauingenieuren,1
Maschinenmeister,Maschinenmeisterin bzw. -meister,0
Maschinenschlosser,Maschinenschlosser*innen,1
Maschinenschlosser,Maschinenschlosserin bzw. Maschinenschlosser,0
Maschinenschlosser,Maschinenschlosserinnen und Maschinenschlosser,1
Maschinenschlossern,Maschinenschlosserinnen und Maschinenschlossern,1
Maschinist,Maschinistin bzw. Maschinist,0
Maschinisten,Maschinist*innen,1
Maschinisten,Maschinistinnen und Maschinisten,1
Masseur,Masseurin bzw. Masseur,0
Masseure,Masseurinnen und Masseure,1
Masseuren,Masseurinnen und Masseuren,1
Masseverwalter,Masseverwalter*innen,1
Masseverwalter,Masseverwalterin und Masseverwalter,0
Masseverwalter,Masseverwalterinnen und Masseverwalter,1
Master,Masterin bzw. Master,0
Mathematiker,Mathematiker*innen,1
Mathematiker,Mathematikerin bzw. Mathematiker,0
Mathematiker,Mathematikerinnen und Mathematiker,1
Mathematikern,Mathematikerinnen und Mathematikern,1
Maturant,Maturantin bzw. Maturant,0
Maturanten,Maturant*innen,1
Maturanten,Maturantinnen und Maturanten,1
Maurer,Maurer*innen,1
Maurer,Maurerin bzw. Maurer,0
Maurer,Maurerinnen und Maurer,1
Maurern,Maurerinnen und Maurern,1
Mechaniker,Mechaniker*innen,1
Mechaniker,Mechanikerin bzw. Mechaniker,0
Mechaniker,Mechanikerinnen und Mechaniker,1
Mechanikern,Mechanikerinnen und Mechanikern,1
Mechatroniker,Mechatroniker*innen,1
Mechatroniker,Mechatronikerin bzw. Mechatroniker,0
Mechatroniker,Mechatronikerinnen und Mechatroniker,1
Mechatronikern,Mechatronikerinnen und Mechatronikern,1
Medienpartner,in Medienpartnerschaft mit,0
Mediensprecher,Mediensprecher*innen,1
Mediensprecher,Mediensprecherin bzw. -sprecher,0
Mediziner,Mediziner*innen,1
Mediziner,Medizinerin bzw. Mediziner,0
Mediziner,Medizinerinnen und Mediziner,1
Medizinern,Medizinerinnen und Medizinern,1
Meister,Fachleute,0
Meister,Genie,0
Meister,Kapazität,0
Meister,Meisterin bzw. Meister,0
Metallarbeiter,Metallarbeiter*innen,1
Metallarbeiter,Metallarbeiterin bzw. Metallarbeiter,0
Metallarbeiter,Metallarbeiterinnen und Metallarbeiter,1
Metallarbeitern,Metallarbeiterinnen und Metallarbeitern,1
Mieter,Mieter*innen,1
Mieter,Mieterin bzw. Mieter,0
Mieter,Mieterinnen und Mieter,1
Mietern,Mieterinnen und Mietern,1
Migrant,Person mit Mitgrationshintergrund,0
Minister,Minister*innen,1
Minister,Ministerin bzw. Minister,0
Minister,Ministerinnen und Minister,1
Ministern,Ministerinnen und Ministern,1
Mitarbeiter,Angestellten,0
Mitarbeiter,Belegschaft,0
Mitarbeiter,Mitarbeiter*innen,1
Mitarbeiter,Mitarbeiterin bzw. Mitarbeiter,0
Mitarbeiter,Mitarbeiterinnen und Mitarbeiter,1
Mitarbeiter,Personal,0
Mitarbeiter,Team,0
Mitarbeiter in Teilzeit,Teilzeitkraft,0
Mitarbeitern,Mitarbeiterinnen und Mitarbeitern,1
Mitbewohner,Mitbewohner*innen,1
Mitbewohner,Mitbewohnerin bzw. Mitbewohner,0
Mitbewohner,Mitbewohnerinnen und Mitbewohner,1
Mitbewohnern,Mitbewohnerinnen und Mitbewohnern,1
Mitbürger,Mitbürger*innen,1
Mitbürger,Mitbürgerin bzw. Mitbürger,0
Mitbürger,Mitbürgerinnen und Mitbürger,1
Mitbürgern,Mitbürgerinnen und Mitbürgern,1
Mitteleuropäer,Mitteleuropäer*innen,1
Mitteleuropäer,Mitteleuropäerin bzw. Mitteleuropäer,0
Mitteleuropäer,Mitteleuropäerinnen und Mitteleuropäer,1
Mitteleuropäern,Mitteleuropäerinnen und Mitteleuropäern,1
Mittelschullehrer,Mittelschullehrer*innen,1
Mittelschullehrer,Mittelschullehrerin bzw. Mittelschullehrer,0
Mittelschullehrer,Mittelschullehrerinnen und Mittelschullehrer,1
Mittelschullehrern,Mittelschullehrer*innen,1
Mittelschullehrern,Mittelschullehrerinnen und Mittelschullehrern,1
Moderator,Moderation,0
Moderator,Moderatorin bzw. Moderator,0
Moderatoren,Moderatorinnen und Moderatoren,1
Monteur,Monteurin bzw. Monteur,0
Monteure,Monteur*innen,1
Monteure,Monteurinnen und Monteure,1
Monteuren,Monteurinnen und Monteuren,1
Motorführer,Motorführerinnen und Motorführer,1
Motorradfahrer,Motorradfahrer*innen,1
Motorradfahrer,Motorradfahrerinnen und Motorradfahrer,1
Motorradfahrern,Motorradfahrerinnen und Motorradfahrern,1
Motorradführer,Motorradführerin bzw. -führer,0
Musiker,Musiker*innen,1
Musiker,Musikerin bzw. Musiker,0
Musiker,Musikerinnen und Musiker,1
Musikern,Musikerinnen und Musikern,1
Musikschulleiter,Musikschulleiterin bzw. -leiter,0
Musikschulleiter,Musikschulleitung,0
Musiktherapeut,Musiktherapeutin bzw. -therapeut,0
Mutter-Kind-Gruppe,Eltern-Kind-Gruppe,0
Muttersprache,Erstsprache,0
Mädchenmannschaft,Mädchenteam,0
Mädchenname,Geburtsname,0
Müllaufleger,Müllauflegerin bzw. -aufleger,0
Nachbar,Nachbarin bzw. Nachbar,0
Nachbar,Nachbarschaft,0
Nachbareinwendungen,Einwendungen von Nachbarinnen und Nachbarn,1
Nachbarn,Nachbarinnen und Nachbarn,1
Nachwuchswissenschaftler,wissenschaftlicher Nachwuchs,0
Name des Antragstellers,Ihr Name,0
Namensvetter,Gleichnamige,0
Niederösterreicher,Niederösterreicher*innen,1
Niederösterreicher,Niederösterreicherin bzw. Niederösterreicher,0
Niederösterreicher,Niederösterreicherinnen und Niederösterreicher,1
Niederösterreichern,Niederösterreicherinnen und Niederösterreichern,1
Nordamerikaner,Nordamerikaner*innen,1
Nordamerikaner,Nordamerikanerin bzw. Nordamerikaner,0
Nordamerikaner,Nordamerikanerinnen und Nordamerikaner,1
Nordamerikanern,Nordamerikanerinnen und Nordamerikanern,1
Nordeuropäer,Nordeuropäer*innen,1
Nordeuropäer,Nordeuropäerin bzw. Nordeuropäer,0
Nordeuropäer,Nordeuropäerinnen und Nordeuropäer,1
Nordeuropäern,Nordeuropäerinnen und Nordeuropäern,1
Not am Mann,Notsituation,0
Notar,Notarin bzw. Notar,0
Notare,Notarinnen und Notare,1
Notaren,Notarinnen und Notaren,1
Notarhonorar,Honorar von Notarinnen und Notaren,1
Notarzthelfer,Notarzthelfer*innen,1
Notarzthelfer,Notarzthelferin bzw. Notarzthelfer,0
Notarzthelfer,Notarzthelferinnen und Notarzthelfer,1
Notarzthelfern,Notarzthelferinnen und Notarzthelfern,1
Näher,Näher*innen,1
Näher,Näherin bzw. Näher,0
Näher,Näherinnen und Näher,1
Nähern,Näher*innen,1
Nähern,Näherinnen und Nähern,1
Obduktionsassistent,Obduktionsassistentin bzw. Obduktionsassistent,0
Obduktionsassistenten,Obduktionsassistent*innen,1
Oberarzt,Oberärztin bzw. -arzt,0
Oberaufseher,Oberaufseherin bzw. -aufseher,0
Oberin,Oberin bzw. Pflegevorsteher,0
Obermagazineur,Obermagazineurin bzw. -magazineur,0
Obermonteur,Obermonteurin bzw. -monteur,0
Oberpflegerin,Oberpflegerin bzw. -pfleger,0
Oberschwester,Oberschwester bzw. Oberpfleger,0
Oberstudienrat,Oberstudienrätin und Oberstudienrat,0
Oberwerkmeister,Oberwerkmeisterin bzw. -werkmeister,0
Oberärzte,Oberärztinnen und -ärzte,1
Oberösterreicher,Oberösterreicher*innen,1
Oberösterreicher,Oberösterreicherinnen und Oberösterreicher,1
Oberösterreichern,Oberösterreicherinnen und Oberösterreichern,1
Oberösterrreicher,Oberösterreicherin bzw. Oberösterreicher,0
Objekteigentümer,Objekteigentümer*in,0
Objekteigentümer,Objekteigentümerin bzw. Projekteigentümer,0
Objektleiter,Objektleiterin bzw. -leiter,0
Ofensetzer,Ofensetzer*innen,1
Ofensetzer,Ofensetzerin bzw. Ofensetzer,0
Ofensetzer,Ofensetzerinnen und Ofensetzer,1
Ofensetzern,Ofensetzerinnen und Ofensetzern,1
Olympiamannschaft,Olympiateam,0
Ombudsmann,Ombudsfrau bzw. -mann,0
Ombudsmänner,Ombudsleute,0
Operationsassistent,Operationsassistentin bzw. Operationsassistent,0
Operationsassistenten,Operationsassistent*innen,1
Operationsgehilfe,Operationsgehilfin bzw. -gehilfe,0
Operator,Operatorin bzw. Operator,0
Ordinationsgehilfin,Ordinationsgehilfin bzw. - gehilfe,0
Ordinationshelfer,Ordinationshelferin bzw. -helfer,0
Organisationsreferent,Organisationsreferentin bzw. -referent,0
Organisator,Organisationskomitee,0
Organisator,Organisierende,0
Organisator,organisiert von,0
Organisatorin,Organisatorin bzw. Organisator,0
Organisatorin,Organisierende,0
Organisatorischer Leiter,Organisatorische Leitung,0
Organist,Organistin bzw. Organist,0
Organisten,Organistinnen und Organisten,1
Orthoptist,Orthoptistin bzw. Orthoptist,0
Orthoptisten,Orthoptist*innen,1
Orthopäden,Orthopädinnen und Orthopäden,1
Osteuropäer,Osteuropäer*innen,1
Osteuropäer,Osteuropäerin bzw. Osteuropäer,0
Osteuropäer,Osteuropäerinnen und Osteuropäer,1
Osteuropäern,Osteuropäerinnen und Osteuropäern,1
Osttiroler,Osttiroler*innen,1
Osttiroler,Osttirolerin bzw. Osttiroler,0
Osttiroler,Osttirolerinnen und Osttiroler,1
Osttirolern,Osttirolerinnen und Osttirolern,1
Otto Normalverbraucher,Normalverbraucherin bzw. - verbraucher,0
PUMA-Beauftragter,PUMA-Beauftragte bzw. -Beauftragter,0
Parlamentarier,Parlamentarier*innen,1
Parlamentarier,Parlamentarierin bzw. Parlamentarier,0
Parlamentarier,Parlamentarierinnen und Parlamentarier,1
Parlamentariern,Parlamentarierinnen und Parlamentariern,1
Partieführer,Partieführer*innen,1
Partieführer,Partieführerin bzw. Partieführer,0
Partner,Partei,0
Partner,Vertragspartei,0
Partner,beteiligte Institutionen,0
Passant,Passantin bzw. Passant,0
Passanten,Passant*innen,1
Passanten,Passantinnen und Passanten,1
Patient,Patient*in,0
Patienten,Patientinnen und Patienten,1
Patientenanwalt,Patient*innenanwaltschaft,0
Patientenanwalt,Patient*innenanwältin bzw. -anwalt,0
Patientenorientierung,Patient*innenorientierung,0
Patientenversorgung,ärztliche Versorgung,0
Patientenzimmer,Wartezimmer,0
Personalentwickler,Personalentwickler*innen,1
Personalentwickler,Personalentwicklerin bzw. -entwickler,0
Personalentwickler,Personalentwicklung,0
Personalreferent,Personalreferentin bzw. -referent,0
Personalreferenten,Personalreferent*innen,1
Personalstellenleiter,Personalstellenleiterin bzw. -leiter,0
Personalvertreter,Personalvertreter*innen,1
Personalvertreter,Personalvertreterin bzw. Personalvertreter,0
Personalvertreter,Personalvertreterinnen bzw. Personalvertreter,0
Personalvertreter,Personalvertretung,0
Pflegebedürftiger,Pflegebedürftige bzw. Pflegebedürftiger,0
Pflegehelfer,Pflegehelferin bzw. -helfer,0
Pfleger,Pfleger*innen,1
Pfleger,Pflegerin bzw. Pfleger,0
Pfleger,Pflegerinnen und Pfleger,1
Pharmazeut,Pharmazeutin bzw. Pharmazeut,0
Pharmazeuten,Pharmazeutinnen und Pharmazeuten,1
Physiker,Physiker*innen,1
Physiker,Physikerin bzw. Physiker,0
Physiker,Physikerinnen und Physiker,1
Physikern,Physiker*innen,1
Physikern,Physikerinnen und Physikern,1
Physiotherapeut,Physiotherapeutin bzw. Physiotherapeut,0
Physiotherapeuten,Physiotherapeut*innen,1
Physiotherapeuten,Physiotherapeutinnen und Physiotherapeuten,1
Physiotherapeutin,Physiotherapeutin bzw. -therapeut,0
Pilot,Pilotin bzw. Pilot,0
Piloten,Pilotinnen und Piloten,1
Planer,Planer*innen,1
Planer,Planerin bzw. Planer,0
Planer,Planerinnen und Planer,1
Platzmeister,Platzmeisterin bzw. -meister,0
Politiker,Politiker*innen,1
Politiker,Politikerin bzw. Politiker,0
Politiker,Politikerinnen und Politiker,1
Politikern,Politikerinnen und Politikern,1
Polizist,Polizistin bzw. Polizist,0
Polizisten,Polizist*innen,1
Polizisten,Polizistinnen und Polizisten,1
Portier,Portierin bzw. Portier,0
Portiere,Portier*innen,1
Praktikant,Praktikantin bzw. Praktikant,0
Praktikanten,Praktikantinnen und Praktikanten,1
Praktikantenstelle,Praktikumsstelle,0
Preisträger,Geehrte,0
Preisträger,Preisträgerin bzw. Preisträger,0
Pressereferent,Pressereferentin bzw. -referent,0
Proband,Probandin bzw. Proband,0
Professor,Professorin und Professor,0
Professoren,Professorinnen und Professoren,1
Programmierer,Programmierer*innen,1
Programmierer,Programmiererin bzw. Programmierer,0
Programmierer,Programmiererinnen und Programmierer,1
Programmierern,Programmiererinnen und Programmierern,1
Programmleiter,Programmleiter*innen,1
Programmleiter,Programmleiterin bzw. -leiter,0
Programmleiter,Programmleitung,0
Projektkoordinator,Projektkoordinatorin bzw. -koordinator,0
Projektleiter,Leitung,0
Projektleiter,Projektleitung,0
Projektmanager,Projektmanagerin bzw. -manager,0
Projektmitarbeiter,Projektmitarbeiterin bzw. -mitarbeiter,0
Projektmitarbeiter,Projektmitarbeiterin bzw. Projektmitarbeiter,0
Prosekturgehilfe,Prosekturgehilfin bzw. -gehilfe,0
Prosekturgehilfen,Prosekturgehilf*innen,1
Protokollführer,Protokollführende,0
Prozesseigentümer,Prozesseigentümer*in,0
Prozesseigentümer,Prozesseigentümerin bzw. Prozesseigentümer,0
Prozessinitiator,Prozessinitiator*in,0
Prozessinitiator,Prozessinitiatorin bzw. Prozessinitiator,0
Prozessverantwortlicher,Prozessverantwortliche bzw. Prozessverantwortlicher,0
Prozessveranwortlicher,Prozessverantwortliche bzw. -verantwortlicher,0
Präsident,Präsidentin bzw. Präsident,0
Prüfer,Prüfer*innen,1
Prüfer,Prüferin bzw. Prüfer,0
Prüfer,Prüferinnen und Prüfer,1
Prüfern,Prüferinnen und Prüfern,1
Psychologe,Psychologin bzw. Psychologe,0
Psychologen,Psychologinnen und Psychologen,1
Psychotherapeut,Psychotherapeutin bzw. -therapeut,0
Psychotherapeuten,Psychotherapeutinnen und Psychotherapeuten,1
Putzfrau,Putzfrau bzw. Putzmann,0
Putzfrau,Reinigungspersonal,0
Pädagoge,Pädagogin bzw. Pädagoge,0
Pädagogen,Pädagoginnen und Pädagogen,1
Pädagogische Leiter,Pädagogische Leiter*innen,1
Pädagogische Mitarbeiter,Pädagogische Mitarbeiter*innen,1
Pädagogischer Leiter,Pädagogische Leiterin bzw. Leiter,0
Pädagogischer Leiter,Pädagogische Leitung,0
Pädagogischer Mitarbeiter,Pädagogische Mitarbeiterin bzw. pädagogischer Mitarbeiter,0
Qualitätsbeauftragter,Qualitätsbeauftragte bzw. -beauftragter,0
Qualitätsmanager,Qualitätsmanager*innen,1
Qualitätsmanager,Qualitätsmanagerin bzw. -manager,0
Querschnittsbereichsleiter,Querschnittsbereichsleiterin bzw. -bereichsleiter,0
Radfahrbeauftragter,Radfahrbeauftragte bzw. -beauftragter,0
Radfahrer,Radfahrer*innen,1
Radfahrer,Radfahrerin bzw. Radfahrer,0
Radfahrer,Radfahrerinnen und Radfahrer,1
Radfahrern,Radfahrerinnen und Radfahrern,1
Radiologietechnologe,Radiologietechnologin bzw. Radiologietechnologe,0
Radiologietechnologen,Radiologietechnolog*innen,1
Raucher,Raucher*innen,1
Raucher,Raucherin bzw. Raucher,0
Raucher,Raucherinnen und Raucher,1
Raucherbereich,Bereich für Rauchende,0
Rauchern,Raucherinnen und Rauchern,1
Raucherpause,Zigarettenpause,0
Rauchfangkehrer,Rauchfangkehrer*innen,1
Rauchfangkehrer,Rauchfangkehrerinnen und Rauchfangkehrer,1
Rauchfangkehrern,Rauchfangkehrerinnen und Rauchfangkehrern,1
Raumpflegerin,Reinigungskraft,0
Rechnungsamtsdirektor,Rechnungsamtsdirektor*innen,1
Rechnungsamtsdirektor,Rechnungsamtsdirektorin bzw. -direktor,0
Rechtsanwalt,Rechtsanwältin bzw. Rechtsanwalt,0
Rechtsanwaltsbeistellung,Beistellung einer Rechtsanwältin bzw. eines Rechtsanwaltes,0
Rechtsanwälte,Rechtsanwältinnen und Rechtsanwälte,1
Rechtsanwälten,Rechtsanwältinnen und Rechtsanwälten,1
Rechtsfürsorger,Rechtsfürsorger*innen,1
Rechtsfürsorger,Rechtsfürsorgerin bzw. -fürsorger,0
Rechtsreferent,Rechtsreferentin bzw. Rechtsreferent,0
Redakteur,Redakteurin bzw. Redakteur,0
Redakteure,RedakteurInnen,1
Redakteure,Redakteurinnen und Redakteure,1
Redakteuren,Redakteurinnen und Redakteuren,1
Redner,Redner*innen,1
Redner,Rednerin bzw. Redner,0
Redner,Rednerinnen und Redner,1
Rednern,Rednerinnen und Rednern,1
Referatsleiter,Referatsleiter*innen,1
Referatsleiter,Referatsleiterin bzw. -leiter,0
Referatsleiter,Referatsleitung,0
Referent,Referent*in,0
Referent,Referentin bzw. Referet,0
Referent,bearbeitet von,0
Referenten,Referent*innen,1
Referenten,Referentinnen und Referenten,1
Regisseur,Regisseurin bzw. Regisseur,0
Registerkoordinator,Registerkoordinatorin bzw. -koordinator,0
Reiter,Reiter*innen,1
Reiter,Reiterin bzw. Reiter,0
Reiter,Reiterinnen und Reiter,1
Reitern,Reiterinnen und Reitern,1
Rektor,Rektorat,0
Rektor,Rektorin bzw. Rektor,0
Rektoren,Rektor*innen,1
Repräsentant,Repräsentantin bzw. Repräsentant,0
Repräsentanten,Repräsentantinnen und Repräsentanten,1
Restaurator,Restauratorin bzw. Restaurator,0
Restauratoren,Restaurator*innen,1
Restauratoren,Restauratorinnen und Restauratoren,1
Rettungsdienstleiter,Rettungsdienstleiterin bzw. -leiter,0
Rettungshelfer,Rettungshelferin bzw. -helfer,0
Rettungssanitäter,Sanitäterin bzw. Sanitäter,0
Revisor,Revisorin bzw. Revisor,0
Revisoren,Revisor*innen,1
Rezeptionist,Rezeptionistin bzw. Rezeptionist,0
Richter,Richter*innen,1
Richter,Richterin bzw. Richter,0
Richter,Richterinnen und Richter,1
Richtern,Richterinnen und Richtern,1
SAP SRM-Verantwortlicher,SAP SRM-Verantwortliche bzw. -Verantwortlicher,0
SAP-KeyUser,SAP-KeyUserin bzw. -KeyUser,0
SES-Zeitbeauftragter,SES-Zeitbeauftragte bzw. SES-Zeitbeauftragter,0
Sachbearbeiter,Sachbearbeiter*innen,1
Sachbearbeiter,Sachbearbeiterin bzw.  Sachbearbeiter,0
Sachbearbeiter,Sachbearbeiterinnen und Sachbearbeiter,1
Sachbearbeitern,Sachbearbeiterinnen und Sachbearbeitern,1
Sachverständiger,Expertin bzw. Experte,0
Sachverständiger,Sachverständige bzw. Sachverständiger,0
Sachwalter,Sachwalter*innen,1
Sachwalter,Sachwalterin bzw. Sachwalter,0
Sachwalterbestellung,Bestellung einer Sachwalterin bzw. eines Sachwalters,0
Saisonnier,Saisonnière bzw.  Saisonnier,0
Salzburger,Salzburger*innen,1
Salzburger,Salzburgerin bzw. Salzburger,0
Salzburger,Salzburgerinnen und Salzburger,1
Salzburgern,Salzburgerinnen und Salzburgern,1
Sammlungsleiter,Sammlungsleiterin bzw. -leiter,0
Sanitäter,Sanitäter*innen,1
Sanitäter,Sanitäterin bzw. Sanitäter,0
Sanitäter,Sanitäterinnen und Sanitäter,1
Sanitätern,Sanitäterinnen und Sanitätern,1
Sanitätsgehilfe,Sanitätsgehilfin bzw. -gehilfe,0
Sanitätsoberrevisor,Sanitätsoberrevisorin bzw. -revisor,0
Sanitätsrevisor,Sanitätsrevisorin bzw. -revisor,0
Satiriker,Satiriker*innen,1
Satiriker,Satirikerin bzw. Satiriker,0
Satiriker,Satirikerinnen und Satiriker,1
Satirikern,Satirikerinnen und Satirikern,1
Sattler,Sattler*innen,1
Sattler,Sattlerin bzw. Sattler,0
Sattler,Sattlerinnen und Sattler,1
Sattlern,Sattlerinnen und Sattlern,1
Schaffner,Schaffner*innen,1
Schaffner,Schaffnerin bzw. Schaffner,0
Schaffner,Schaffnerinnen und Schaffner,1
Schaffnern,Schaffnerinnen und Schaffnern,1
Schauspieler,Schauspieler*innen,1
Schauspieler,Schauspielerin bzw. Schauspieler,0
Schauspieler,Schauspielerinnen und Schauspieler,1
Schauspielern,Schauspieler*innen,1
Schauspielern,Schauspielerinnen und Schauspielern,1
Schirmherr,Schirmfrau bzw. Schirmherr,0
Schirmherr,gefördert von; unterstützt von,0
Schirmherren,Schirmfrauen und Schirmherren,1
Schirmherrschaft,Support; gefördert von; unterstützt von,0
Schlittschuhläufer,Schlittschuhläufer*innen,1
Schlittschuhläufer,Schlittschuhläuferin bzw. Schlittschuhläufer,0
Schlittschuhläufer,Schlittschuhläuferinnen und Schlittschuhläufer,1
Schlittschuhläufern,Schlittschuhläuferinnen und Schlittschuhläufern,1
Schlosser,Schlosser*innen,1
Schlosser,Schlosserin bzw. Schlosser,0
Schlosser,Schlosserinnen und Schlosser,1
Schlossern,Schlosserinnen und Schlossern,1
Schneider,Schneider*innen,1
Schneider,Schneiderin bzw. Schneider,0
Schneider,Schneiderinnen und Schneider,1
Schneidern,Schneiderinnen und Schneidern,1
Schreiber,Schreiber*innen,1
Schreiber,Schreiberin bzw. Schreiber,0
Schreiber,Schreiberinnen und Schreiber,1
Schreibern,Schreiberinnen und Schreibern,1
Schriftführer,Schriftführer*innen,1
Schriftführer,Schriftführerin bzw. Schriftführer,0
Schriftsteller,Schriftsteller*innen,1
Schriftsteller,Schriftstellerin bzw. Schriftsteller,0
Schriftsteller,Schriftstellerinnen und Schriftsteller,1
Schriftstellern,Schriftstellerinnen und Schriftstellern,1
Schuhmacher,Schuhmacher*innen,1
Schuhmacher,Schuhmacherinnen und Schuhmacher,1
Schuhmachern,Schuhmacherinnen und Schuhmachern,1
Schulsprecher,Schulsprecher*innen,1
Schulsprecher,Schulsprecherin bzw. Schulsprecher,0
Schulsprecher,Schulsprecherinnen und Schulsprecher,1
Schulsprechern,Schulsprecherinnen und Schulsprechern,1
Schulwart,Schulwartin bzw. Schulwart,0
Schuster,Schuster*innen,1
Schuster,Schusterin bzw. Schuster,0
Schuster,Schusterinnen und Schuster,1
Schustern,Schuster*innen,1
Schustern,Schusterinnen und Schustern,1
Schüler,Schüler*innen,1
Schüler,Schülerin bzw. Schüler,0
Schüler,Schülerinnen und Schüler,1
Schülern,Schülerinnen und Schülern,1
Seefahrer,Seeleute,0
Segler,Segler*innen,1
Segler,Seglerin bzw. Segler,0
Segler,Seglerinnen und Segler,1
Seglern,Seglerinnen und Seglern,1
Seher,Seher*innen,1
Seher,Seherin bzw. Seher,0
Seher,Seherinnen und Seher,1
Sehern,Seherinnen und Sehern,1
Sekretär,Sekretärin bzw. Sekretär,0
Sekretäre,Sekretärinnen und Sekretäre,1
Sekretären,Sekretärinnen und Sekretären,1
Sekretärin,Sekretärin bzw. Sekretär,0
Sektionschef,Sektionschefin bzw. Sektionschef,0
Sektionsleiter,Sektionsleiter*innen,1
Sektionsleiter,Sektionsleiterin bzw. -leiter,0
Sektionsleiter,Sektionsleiterinnen und Sektionsleiter,1
Sektionsleiter,Sektionsleitung,0
Sektionsleitern,Sektionsleiterinnen und Sektionsleitern,1
Seminarleiter,Seminarleitung,0
Sender,gesendet von,0
Seniorenbeauftragter,Seniorenbeauftragte bzw. Seniorenbeauftragter,0
Senner,Senner*innen,1
Senner,Sennerin bzw. Senner,0
Senner,Sennerinnen und Senner,1
Sennern,Sennerinnen und Sennern,1
Siedler,Siedler*innen,1
Siedler,Siedlerin bzw. Siedler,0
Siedler,Siedlerinnen und Siedler,1
Siedlern,Siedlerinnen und Siedlern,1
Soldat,Soldatin bzw. Soldat,0
Soldaten,Soldatinnen und Soldaten,1
Sommelier,Sommelière bzw. Sommelier,0
Sonder- und Heilpädagoge,Sonder- und Heilpädagogin bzw. Sonder- und Heilpädagoge,0
Souffleur,Souffleuse bzw. Souffleur,0
Sozialarbeiter,Sozialarbeiter*innen,1
Sozialarbeiter,Sozialarbeiterin bzw. Sozialarbeiter,0
Sozialarbeiter,Sozialarbeiterinnen und Sozialarbeiter,1
Sozialarbeitern,Sozialarbeiterinnen und Sozialarbeitern,1
Sozialdemokrat,Sozialdemokratin und Sozialdemokrat,0
Sozialdemokraten,Sozialdemokrat*innen,1
Sozialdemokraten,Sozialdemokratinnen und Sozialdemokraten,1
Sozialpädagoge,Sozialpädagogin bzw. Sozialpädagoge,0
Sozialpädagogen,Sozialpädagog*innen,1
Sozialpädagogen,Sozialpädagoginnen und Sozialpädagogen,1
Soziologe,Soziologin bzw. Soziologe,0
Soziologen,Soziologinnen und Soziologen,1
Speaker,Speaker*innen,1
Speaker,Speakerin bzw. Speaker,0
Speaker,Speakerinnnen bzw. Speaker,0
Speakern,Speakerin bzw. Speakern,0
Spengler,Spengler*innen,1
Spengler,Spenglerin bzw. Spengler,0
Spengler,Spenglerinnen und Spengler,1
Spenglern,Spengler*innen,1
Spenglern,Spenglerinnen und Spenglern,1
Spezialist,Spezialistin bzw. Spezialist,0
Spezialisten,Spezialistinnen und Spezialisten,1
Spieler,Spieler*innen,1
Spieler,Spielerin bzw. Spieler,0
Spieler,Spielerinnen und Spieler,1
Spielern,Spielerinnen und Spielern,1
Sponsor,Sponsorin bzw. Sponsor,0
Sponsoren,Sponsor*innen,1
Sponsoren,Sponsoring,0
Sponsorgelder,Sponsoringgelder,0
Sportlehrer,Sportlehrerin bzw. Sportlehrer,0
Sportler,Sportler*innen,1
Sportler,Sportlerin bzw. Sportler,0
Sportlern,Sportler*innen,1
Sportlern,Sportlerinnen und Sportlern,1
Sportplatzrevisor,Sportplatzrevisorin bzw. -revisor,0
Sprachwissenschaftler,Sprachwissenschaftlerin bzw. Sprachwissenschaftler,0
Sprachwissenschaftler,Sprachwissenschaftlerinnen und Sprachwissenschaftler,1
Sprachwissenschaftlern,Sprachwissenschaftlerinnen und Sprachwissenschaftlern,1
Sprecher,Sprecher*innen,1
Sprecher,Sprecherin bzw. Sprecher,0
Sprecher,Sprecherinnen und Sprecher,1
Sprechern,Sprecher*innen,1
Sprechern,Sprecherinnen und Sprechern,1
Springer,Springer*innen,1
Springer,Springerin bzw. Springer,0
Staatsbürger,Staatsbürger*innen,1
Staatsbürger,Staatsbürgerin bzw. Staatsbürger,0
Staatsbürger,Staatsbürgerinnen und Staatsbürger,1
Staatsbürgern,Staatsbürgerinnen und Staatsbürgern,1
Staatsbürgerschaft,Nationalität,0
Staatsbürgerschaft,Staatsangehörigkeit,0
Staatsmann,Staatsfrau bzw. Staatsmann,0
Staatsmann,Staatsoberhaupt,0
Stabstellenleiter,Stabstellenleiterin bzw. -leiter,0
Stadtbaudirektor,Stadtbaudirektorin bzw. Stadtbaudirektor,0
Stadtbaudirektoren,Stadtbaudirektor*innen,1
Stadtrat,Stadträtin bzw. Stadtrat,0
Stadträte,Stadträt*innen,1
Stadträte,Stadträtinnen und Stadträte,1
Stadträten,Stadträtinnen und Stadträten,1
Stadtschulrat,Stadtschulrätin bzw. Stadtschulrat,0
Stakeholder,Interessensgruppe,0
Stakeholder,Stakeholder*innen,1
Stakeholder,Stakeholderin bzw. Stakeholder,0
Stakeholder,Stakeholderinnen und Stakeholder,1
Star,Berühmtheit,0
Statiker,Statiker*innen,1
Statiker,Statikerin bzw. Statiker,0
Statiker,Statikerinnen und Statiker,1
Statikern,Statikerinnen und Statikern,1
Stationsführer,Stationsführer*innen,1
Stationsführer,Stationsführerin bzw. Stationsführer,0
Stationsführer,Stationsführerinnen und Stationsführer,1
Stationsgehilfe,Stationsgehilfin bzw. -gehilfe,0
Stationsleiter,Stationsleiter*innen,1
Stationsleiter,Stationsleiterin bzw. -leiter,0
Stationsleiter,Stationsleiterinnen und Stationsleiter,1
Stationspfleger,Stationspflegerin bzw. -pfleger,0
Stationspfleger,Stationsschwester bzw. Stationspfleger,0
Stationsrevisor,Stationsrevisorin bzw. Stationsrevisor,0
Stationsrevisor,Stationsrevisorinnen und Stationsrevisoren,1
Stationsschwester,Stationsschwester bzw. Stationspfleger,0
Steinmetz,Steinmetzin bzw. Steinmetz,0
Steinmetze,Steinmetzinnen und Steinmetze,1
Steinmetzen,Steinmetzinnen und Steinmetzen,1
Steirer,Steirer*innen,1
Steirer,Steirerin bzw. Steirer,0
Steirer,Steirerinnen und Steirer,1
Steirern,Steirerinnen und Steirern,1
Stellvertreter,Stellvertretung,0
Stellvertreter,Vertretung,0
Stellvertreter,vertreten durch,0
Stellvertreter,vertreten von,0
Steuerhinterzieher,Steuerhinterziehende,0
Steuerzahler,Steuerzahlende,0
Steuerzahler,Steuerzahler*innen,1
Steuerzahler,Steuerzahlerin bzw. Steuerzahler,0
Steuerzahler,Steuerzahlerinnen und Steuerzahler,1
Stiftungsverwalter,Stiftungsverwalterin bzw. -verwalter,0
Student,Studentin bzw. Student,0
Studenten,Student*innen,1
Studenten,Studentinnen und Studenten,1
Studenten,Studierende,0
Stützpunktleiter,Stützpunktleiter*innen,1
Stützpunktleiter,Stützpunktleiterin bzw. -leiter,0
Supervisor,Supervisorin bzw. Supervisor,0
Supervisoren,Supervisor*innen,1
Systemadministrator,Systemadministratorin bzw. -administratoren,0
Systemadministratoren,Systemadministrator*innen,1
Systemanalytiker,Systemanalytiker*innen,1
Systemanalytiker,Systemanalytikerin bzw. Systemanalytiker,0
Systemanalytiker,Systemanalytikerinnen und Systemanalytiker,1
Systemanalytikern,Systemanalytikerinnen und Systemanalytikern,1
Systembediener,Systembediener*innen,1
Systembediener,Systembedienerin bzw. Systembediener,0
Südamerikaner,Südamerikaner*innen,1
Südamerikaner,Südamerikanerin bzw. Südamerikaner,0
Südamerikaner,Südamerikanerinnen und Südamerikaner,1
Südamerikanern,Südamerikanerinnen und Südamerikanern,1
Südeuropäer,Südeuropäer*innen,1
Südeuropäer,Südeuropäerin bzw. Südeuropäer,0
Südeuropäer,Südeuropäerinnen und Südeuropäer,1
Südeuropäern,Südeuropäerinnen und Südeuropäern,1
Südtiroler,Südtiroler*innen,1
Südtiroler,Südtirolerin bzw. Südtiroler,0
Südtiroler,Südtirolerinnen und Südtiroler,1
Südtirolern,Südtirolerinnen und Südtirolern,1
Taxifahrer,Taxifahrer*innen,1
Taxifahrer,Taxifahrerin bzw. Taxifahrer,0
Taxifahrer,Taxifahrerinnen und Taxifahrer,1
Taxifahrern,Taxifahrerinnen und Taxifahrern,1
Teamassistent,Teamassistentin bzw. -assistent,0
Teamassistent,Teamassistenz,0
Teamassistenten,Teamassistent*innen,1
Teamleiter,Teamleiter*innen,1
Teamleiter,Teamleiterin bzw. Teamleiter,0
Teamleiter,Teamleitung,0
Teamwerkmeister,Teamwerkmeister*innen,1
Teamwerkmeister,Teamwerkmeisterin bzw. -meister,0
Technik-Verantwortlicher,Technik-Verantwortliche bzw. -Verantwortlicher,0
Technischer  Zeichner,Technische  Zeichnerin bzw. Technischer Zeichner,0
Technischer Assistent,Technische Assistentin bzw. Technischer Assistent,0
Technischer Assistent,Technische Assistenz,0
Technischer Kanzleibediensteter,Technische Kanzleibedienstete bzw. technischer Kanzleibediensteter,0
Technologe,Technologin bzw. Technologe,0
Technologen,Technologinnen und Technologen,1
Teilhaber,Teilhaber*innen,1
Teilhaber,Teilhaberin bzw. Teilhaber,0
Teilhaber,Vertragspartei,0
Teilnehmer,Anmeldungen,0
Teilnehmer,Anwesende,0
Teilnehmer,Teilnehmende,0
Teilnehmer,Teilnehmer*in,0
Teilnehmer,Teilnehmer*innen,1
Teilnehmer,Teilnehmerin bzw. Teilnehmer,0
Teilnehmer,Teilnehmerinnen und Teilnehmer,1
Teilnehmergebühr,Teilnahmegebühr,0
Teilnehmerzahl,Teilnahmezahl; Gruppengröße; Anmeldezahl,0
Telefonist,Telefonist*innen,1
Telefonist,Telefonistinnen und Telefonisten,1
Telefonistin,Telefonistin bzw. Telefonist,0
Telko-Beauftragter,Telko-Beauftragte bzw. -Beauftragter,0
Tester,Tester*innen,1
Tester,Testerin bzw. Tester,0
Tester,Testerinnen und Tester,1
Testern,Testerinnen und Testern,1
Therapeut,Therapeutin bzw. Therapeut,0
Therapeuten,Therapeutinnen und Therapeuten,1
Tierarzt,Tierärztin bzw. Tierarzt,0
Tierpfleger,Tierpfleger*innen,1
Tierpfleger,Tierpflegerin bzw. Tierpfleger,0
Tierpfleger,Tierpflegerinnen und Tierpfleger,1
Tierpflegern,Tierpflegerinnen und Tierpflegern,1
Tierärzte,Tierärztinnen und Tierärzte,1
Tierärzten,Tierärztinnen und Tierärzten,1
Tiroler,Tiroler*innen,1
Tiroler,Tirolerin bzw. Tiroler,0
Tiroler,Tirolerinnen und Tiroler,1
Tirolern,Tiroler*innen,1
Tirolern,Tirolerinnen und Tirolern,1
Tischler,Tischler*innen,1
Tischler,Tischlerin bzw. Tischler,0
Tischler,Tischlerinnen und Tischler,1
Tischlern,Tischlerinnen und Tischlern,1
Trainer,Trainer*innen,1
Trainer,Trainerin bzw. Trainer,0
Trainer,Trainerinnen und Trainer,1
Traktorführer,Traktorführerin bzw. Traktorführer,0
Trinker,Trinker*innen,1
Trinker,Trinkerin bzw. Trinker,0
Trinker,Trinkerinnen und Trinker,1
Troubleshooter,Troubleshooterin bzw. Troubleshooter,0
Täter,Täter*innen,1
Täter,Täterin bzw. Täter,0
Tätern,Täterinnen und Tätern,1
Töpfer,Töpfer*innen,1
Töpfer,Töpferin bzw. Töpfer,0
Töpfer,Töpferinnen und Töpfer,1
Töpfern,Töpferinnen und Töpfern,1
Uhrmacher,Uhrmacher*innen,1
Uhrmacher,Uhrmacherin bzw. Uhrmacher,0
Uhrmacher,Uhrmacherinnen und Uhrmacher,1
Uhrmacherlehrwerkstätte,Lehrwerkstätte für Uhrmacherinnen und Uhrmacher,1
Uhrmachern,Uhrmacherinnen und Uhrmachern,1
Umweltanwalt,Umweltanwältin bzw. -anwalt,0
Umweltanwälte,Umweltanwältinnen bzw. -anwälte,0
Unabhängiger Bedienstetenschutzbeauftragter,Unabhängige Bedienstetenschutzbeauftragte bzw. unabhängiger beauftragter,0
Universitätsassistent,Universitätsassistentin bzw. -assistent,0
Universitätsassistenten,Universitätsassistent*innen,1
Universitätsassistenten,UniversitätsassistentInnen,1
Unternehmer,Selbstständige; Wirtschaftstreibende; Geschäftsleute,0
Unternehmer,Unternehmer*innen,1
Unternehmer,Unternehmerin bzw. Unternehmer,0
Unternehmer,Unternehmerinnen und Unternehmer,1
Unternehmern,Unternehmerinnen und Unternehmern,1
Unteroffizier,Unteroffizierin bzw. Unteroffizier,0
Unteroffiziere,Unteroffizierinnen und Unteroffiziere,1
Unteroffizieren,Unteroffizierinnen und Unteroffizieren,1
Unterstützung des Kollegen,kollegiale Unterstützung,0
Urheberrecht,Copyright,0
Urologe,Urologin bzw. Urologe,0
Urologen,Urologinnen und Urologen,1
User,User*innen,1
User,Userin bzw. User,0
Userverwaltungsberechtigter,Userverwaltungsberechtigte bzw. -berechtigter,0
VIPER-KeyUser,VIPER-KeyUserin bzw. VIPER-KEYUser,0
Vaterland,Heimatland; Geburtsland,0
Veranstalter,veranstaltet durch; veranstaltet von,0
Veranstaltungsreferent,Veranstaltungsreferent*innen,1
Veranstaltungsreferent,Veranstaltungsreferentin bzw. -referent,0
Verantwortlicher für Informationssicherheit (CISO),CISO,0
Verantwortlicher für Informationssicherheit (CISO),Verantwortliche bzw. Verantwortlicher für Informationssicherheit,0
Verbraucher,Verbraucher*innen,1
Verbraucher,Verbraucherin bzw. Verbraucher,0
Vereinsobmann,Vereinsobfrau bzw. -obmann,0
Vereinsobmänner,Vereinsobleute,0
Verfasser,Verfasser*innen,1
Verfasser,Verfasserin bzw. Verfasser,0
Verfasser,verfasst von,0
Vergabereferent,Vergabereferent*innen,1
Vergabereferent,Vergabereferentin bzw. -referent,0
Verkehrssünder,Verkehrssünder*innen,1
Verkehrssünder,Verkehrssünderin bzw. Verkehrssünder,0
Verkehrssünder,Verkehrssünderinnen und Verkehrssünder,1
Verkäufer,Verkaufspersonal,0
Verkäufer,Verkäufer*innen,1
Verkäufer,Verkäuferin bzw. Verkäufer,0
Verkäufer,Verkäuferinnen und Verkäufer,1
Verkäufern,Angestellten,0
Verkäufern,Verkäuferinnen und Verkäufern,1
Verlagsführer,Verlagsführer*innen,1
Verlagsführer,Verlagsführerin bzw. Verlagsführer,0
Vermessungsgehilfe,Vermessungsgehilfin bzw. Vermessungsgehilfe,0
Vermessungstechniker,Vermessungstechnikerin bzw. Vermessungstechniker,0
Vermittler,Mittelsleute,0
Vermittler,Mittelsperson,0
Vermittler,Vermittler*innen,1
Vermittler,Vermittlerin bzw. Vermittler,0
Versichertenkarte,Gesundheitskarte,0
Versichertenkarte,Versicherungskarte,0
Versicherungsmakler,Versicherungsmakler*innen,1
Versicherungsmakler,Versicherungsmaklerin und Versicherungsmakler,0
Versicherungsmakler,Versicherungsmaklerinnen und Versicherungsmakler,1
Versicherungsmaklern,Versicherungsmaklerinnen und Versicherungsmaklern,1
Verteidiger,Rechtsvertretung,0
Verteidiger,Verteidigung,0
Verteidiger,Verteidigung; Rechtsvertretung,0
Verteiler,Verteilschlüssel,0
Vertragspartner,Vertragspartei,0
Vertreter,Vertreter*innen,1
Vertreter,Vertreterinnen und Vertreter,1
Vertreter,Vertretung,0
Vertreter,vertreten durch,0
Vertretern,Vertreterinnen und Vertretern,1
Verursacherprinzip,Verursachungsprinzip,0
Verwalter,Verwalter*innen,1
Verwalter,Verwalterin und Verwalter,0
Verwalter,Verwalterinnen und Verwalter,1
Verwaltern,Verwalterinnen und Verwaltern,1
Verwaltungsbediensteter,Verwaltungsbedienstete bzw. Verwaltungsbediensteter,0
Verwandter,Familienmitglied,0
Veterinärdirektor,Veterinärdirektorin bzw. Veterinärdirektor,0
ViennaGIS Ansprechpartner,ViennaGIS Ansprechpartnerin bzw. ViennaGIS Ansprechpartner,0
ViennaGIS Koordinator,ViennaGIS Koordinatorin bzw. ViennaGIS Koordinator,0
Vizebürgermeister,Vizebürgermeisterin bzw. Vizebürgermeister,0
Vizepräsident,Vizepräsidentin bzw. Vizepräsident,0
Volksschullehrer,Volksschul-Lehrkörper,0
Volksschullehrer,Volksschullehrer*innen,1
Volksschullehrer,Volksschullehrerin bzw. Volksschullehrer,0
Volksschullehrer,Volksschullehrerinnen und Volksschullehrer,1
Volksschullehrern,Volksschullehrerinnen und Volksschullehrern,1
Vorarbeiter,Vorarbeiter*innen,1
Vorarbeiter,Vorarbeiterin bzw. Vorarbeiter,0
Vorarbeiter,Vorarbeiterinnen und Vorarbeiter,1
Vorarlberger,Vorarlberger*innen,1
Vorarlberger,Vorarlbergerin bzw. Vorarlberger,0
Vorarlberger,Vorarlbergerinnen und Vorarlberger,1
Vorarlbergern,Vorarlbergerinnen und Vorarlbergern,1
Vorgesetzter,Führungskraft,0
Vorgesetzter,Vorgesetzte und Vorgesetzer,1
Vormund,Vormundin bzw. Vormund,0
Vormund,Vormundschaft,0
Vormunde,Vormundinnen und Vormunde,1
Vorsitzender,Vorsitzende bzw. Vorsitzender,0
Vorsitzender,Vorsitzführung,0
Vorsitzender,unter dem Vorsitz von,0
Vorstand,Vorständin bzw. Vorstand,0
Weber,Weber*innen,1
Weber,Weberin bzw. Weber,0
Weber,Weberinnen und Weber,1
Webern,Weberinnen und Webern,1
Weltmarktführer,Weltmarktführende,0
Werkmeister,Werkmeister*innen,1
Werkmeister,Werkmeisterin bzw. Werkmeister,0
Werkstättenleiter,Werkstättenleiterin bzw. Werkstättenleiter,0
Werkzeugmacher,Werkzeugmacher*innen,1
Werkzeugmacher,Werkzeugmacherin bzw. Werkzeugmacher,0
Werkzeugmacher,Werkzeugmacherinnen und Werkzeugmacher,1
Werkzeugmachern,Werkzeugmacherinnen und Werkzeugmachern,1
Westeuropäer,Westeuropäer*innen,1
Westeuropäer,Westeuropäerin bzw. Westeuropäer,0
Westeuropäer,Westeuropäerinnen und Westeuropäer,1
Westeuropäern,Westeuropäerinnen und Westeuropäern,1
Wettbewerber,Wettbewerber*innen,1
Wettbewerber,Wettbewerberin bzw. Wettbewerber,0
Wettbewerber,Wettbewerberinnen und Wettbewerber,1
Wettbewerbern,Wettbewerberinnen und Wettbewerbern,1
Wiener,Wiener*innen,1
Wiener,Wienerin bzw. Wiener,0
Wiener,Wienerinnen und Wiener,1
Wienern,Wienerinnen und Wienern,1
Winzer,Winzer*innen,1
Winzer,Winzerin bzw. Winzer,0
Winzer,Winzerinnen und Winzer,1
Winzern,Winzerinnen und Winzern,1
Wirtschafter,Wirtschafterin bzw. Wirtschafter,0
Wirtschaftshelfer,Wirtschaftshelfer*innen,1
Wirtschaftshelfer,Wirtschaftshelferin bzw. Wirtschaftshelfer,0
Wirtschaftshelfer,Wirtschaftshelferinnen und Wirtschaftshelfer,1
Wirtschaftsreferent,Wirtschaftsreferentin bzw. Wirtschaftsreferent,0
Wissenschafter,Wissenschafter*innen,1
Wissenschafter,Wissenschafterin bzw. Wissensschafter,0
Wissenschafter,Wissenschafterinnen und Wissensschafter,1
Wissenschaftler,Wissenschaftler*innen,1
Wissenschaftler,Wissenschaftlerin bzw. Wissenschaftler,0
Wissenschaftler,Wissenschaftlerinnen und Wissenschaftler,1
Wissenschaftlern,Wissenschaftlerinnen und Wissenschaftlern,1
Wissenschaftlicher Leiter,wissenschaftliche Leiterin bzw. wissenschaftlicher Leiter,0
Wohnberater,Wohnberaterin bzw. Wohnberater,0
Wohnungsmakler,Wohnungsmakler*innen,1
Wohnungsmakler,Wohnungsmaklerin bzw. Wohnungsmakler,0
Wohnungsmakler,Wohnungsmaklerinnen und Wohnungsmakler,1
Wohnungsmaklern,Wohnungsmaklerinnen und Wohnungsmaklern,1
Workshopleiter,Workshopleitung,0
Wächter,Wache,0
Wähler,Wahlberechtigte,0
Wähler,Wähler*innen,1
Wähler,Wählerinnen und Wähler,1
Wählern,Wählerinnen und Wählern,1
Wählerverzeichnis,Wahlverzeichnis,0
Wäschereiarbeiter,Wäschereiarbeiterin bzw. -arbeiter,0
Wäschereibediensteter,Wäschereibedienstete bzw. -bediensteter,0
Zahlungspflichtiger,Zahlungspflichtige,0
Zahlungspflichtiger,zahlungspflichtig sein,0
Zahnarzt,Zahnärztin bzw. Zahnarzt,0
Zahnarzthelfer,Zahnarzthelfer*innen,1
Zahnarzthelfer,Zahnarzthelferin bzw. Zahnarzthelfer,0
Zahnarzthelfer,Zahnarzthelferinnen und Zahnarzthelfer,1
Zahnarzthelfern,Zahnarzthelferinnen und Zahnarzthelfern,1
Zahntechniker,Zahntechnikerin bzw. Zahntechniker,0
Zeitgeber des Benutzers,Zeitgeber*in der Benutzer*innen,0
Zeitgeber des Benutzers,Zeitgeberin bzw. Zeitgeber der Benutzerinnen und Zeitgeberin bzw. Zeitgeber der Benutzer,0
Zentraler PUMA Beauftragter,Zentrale PUMA Beauftragte bzw. Zentraler PUMA Beauftragter,0
Zentraleuropäer,Zentraleuropäer*innen,1
Zentraleuropäer,Zentraleuropäerin bzw. Zentraleuropäer,0
Zentraleuropäer,Zentraleuropäerinnen und Zentraleuropäer,1
Zentraleuropäern,Zentraleuropäerinnen und Zentraleuropäern,1
Zeuge,Zeugin bzw. Zeuge,0
Zeugen,Zeuginnen und Zeugen,1
Zimmermänner,Zimmerleute,0
Zivilkläger,Zivilpartei,0
Ziviltechniker,Ziviltechniker*innen,1
Ziviltechniker,Ziviltechnikerin bzw. Ziviltechniker,0
Ziviltechnikerangelegenheit,Angelegenheit für Ziviltechniker*innen,1
Ziviltechnikerprüfung,Prüfung der Ziviltechniker*innen,1
Zuarbeiter,Zuarbeiterin bzw. Zuarbeiter,0
Zugbegleiter,Zugbegleiter*innen,1
Zugbegleiter,Zugbegleiterin bzw. Zugbegleiter,0
Zugbegleiter,Zugbegleiterinnen und Zugbegleiter,1
Zugbegleitern,Zugbegleiterinnen und Zugbegleitern,1
Zuhörer,Auditorium,0
Zuhörer,Publikum,0
Zuhörer,Zuhörende,0
Zuhörer,Zuhörer*innen,1
Zuhörer,Zuhörerin bzw. Zuhörer,0
Zuhörer,Zuhörerinnen und Zuhörer,1
Zuhörern,Zuhörerinnen und Zuhörern,1
Zuschauer,Publikum,0
Zuschauer,Zuschauer*innen,1
Zuschauer,Zuschauerin bzw. Zuschauer,0
Zuschauer,Zuschauerinnen und Zuschauer,1
Zuschauern,Zuschauerinnen und Zuschauern,1
Zweiter Landtagspräsident,Zweite Landtagspräsidentin bzw. Zweiter Landtagspräsident,0
Zwischenablage des Benutzers,Zwischenablage der Benutzer*innen,1
Zwischenablage des Benutzers,Zwischenablage der Benutzerinnen und Zwischenablage der Benutzer,1
Züchter,Züchter*innen,1
Züchter,Züchterin bzw. Züchter,0
Züchter,Züchterinnen und Züchter,1
Züchtern,Züchterinnen und Züchtern,1
abstrakter Teilnehmer,abstrakte Teilnehmer*innen,1
abstrakter Teilnehmer,abstrakte Teilnehmerinnen und abstrakte Teilnehmer,1
administrativer Leiter,administrative Leiterin und administrativer Leiter,0
administrativer Leiter,administrative Leitung,0
aktueller Benutzer,aktuell,0
aktueller Benutzer,aktuelle Benutzer*in,0
aktueller Benutzer,aktuelle Benutzerin bzw. aktueller Benutzer,0
alle Mann an Bord!,alle an Bord!,0
anwenderbezogen,anwendungsbezogen,0
anwenderbezogen,praxisbezogen,0
anwenderfreundlich,anwendungsfreundlich,0
anwenderfreundlich,einfach anzuwenden,0
anwenderfreundlich,praxisnah,0
bemannt,besetzt mit,0
benutzerfreundlich,bedienungsfreundlich,0
benutzerfreundlich,leicht zu bedienen,0
den Krankenschwestern,Pflegepersonal,0
den Krankenschwestern,den Krankenschwestern und Krankenpflegern,1
der ein oder andere,die eine oder der andere,0
die Ermittler,Ermittlungsteam,0
die Mannschaft,das Team,0
die Mannschaft,die Gruppe,0
diensthabender Hausinspektorenarzt,diensthabende Hausinspektorenärztin bzw. diensthabender Hausinspektorenarzt,0
diensthabender Journalarzt,diensthabende Journalärztin bzw. diensthabender Journalarzt,0
etwas an den Mann bringen,ein Anliegen loswerden,0
etwas an den Mann bringen,etwas unter die Leute bringen,0
etwas an den Mann bringen,etwas verkaufen,0
fachmännisch,fachkundig,0
fachmännische Auskunft,fachkundige Auskunft,0
herrenlos,verlassen; nicht zuordnen; unbeaufsichtigt,0
jeder,alle,0
jedermann,alle,0
kundenbezogen,bezogen auf die Kundschaft,0
kundenfreundlich,kund*innenfreundlich,0
kundenfreundlich,zuvorkommend,0
leserfreundlich,lesefreundlich,0
unbemannt,maschinengesteuert; ferngesteuert,0
verantwortlicher CMS-Redakteur,verantwortliche CMS-Redaktion,0
vertretender Benutzer,vertretende Benutzer*in,0
vertretender Benutzer,vertretende Benutzerin bzw. vertretender Benutzer,0
wissenschaftliche Mitarbeiter,wissenschaftliche Mitarbeiter*innen,1
wissenschaftlicher Mitarbeiter,wissenschaftliche Mitarbeiterin bzw. wissenschaftlicher Mitarbeiter,0
zuständiger Bearbeiter,zuständig,0
zuständiger Bearbeiter,zuständige Person,0
Ärzte,Ärzt*innen,1
Ärzte,Ärzteschaft,0
Ärzte,Ärztinnen und Ärzte,1
Ärzteausbildungsstelle,Ausbildungsstelle für Ärztinnen und Ärzte,1
Ärztekommission,ärztliche Kommission,0
Ärzten,Ärzteschaft,0
Ärzten,Ärztinnen und Ärzten,1
Öffentlichkeitsarbeiter,Öffentlichkeitsarbeiterin bzw. -arbeiter,0
Österreicher,Österreicher*innen,1
Österreicher,Österreicherin bzw. Österreicher,0
Österreicher,Österreicherinnen und Österreicher,1
Österreichern,Österreicherinnen und Österreichern,1
Übersetzer,Übersetzer*innen,1
Übersetzer,Übersetzerin bzw. Übersetzer,0
übermannen,überkommen; überwältigen,0
