Verantwortlicher für Informationssicherheit (CISO),CISO,Verantwortliche bzw. Verantwortlicher für Informationssicherheit,,,
Diplomierte Gesundheits- und Krankenschwester,Diplomiertes Krankenpflegepersonal,,,,
Unabhängiger Bedienstetenschutzbeauftragter,Unabhängige Bedienstetenschutzbeauftragte bzw. unabhängiger beauftragter,,,,
Kontrakt- und Berichtswesenbeauftragter,Kontrakt- und Berichtswesenbeauftragte bzw. -beauftragter,,,,
Leitender Kindertagesheimadministrator,Leitende Kindertagesheimadministratorin bzw. Leitender Kindertagesheimadministrator,,,,
Fragen Sie Ihren Arzt oder Apotheker.,Holen Sie sich ärztlichen oder pharmazeutischen Rat.,,,,
diensthabender Hausinspektorenarzt,diensthabende Hausinspektorenärztin bzw. diensthabender Hausinspektorenarzt,,,,
Gesundheits- und Krankenpfleger,Gesundheits- und Krankenschwester bzw. -pfleger,,,,
Technischer Kanzleibediensteter,Technische Kanzleibedienstete bzw. technischer Kanzleibediensteter,,,,
Bedienstetenschutzbeauftragter,Bedienstetenschutzbeauftragte bzw. -beauftragter,,,,
IT-Sicherheitsverantwortlicher,IT-Sicherheitsverantwortliche bzw. -verantwortlicher,,,,
Leitender Diplomsozialarbeiter,Leitende Diplomsozialarbeiterin bzw. leitender Diplomsozialarbeiter,,,,
verantwortlicher CMS-Redakteur,verantwortliche CMS-Redaktion,,,,
wissenschaftlicher Mitarbeiter,wissenschaftliche Mitarbeiterin bzw. wissenschaftlicher Mitarbeiter,,,,
Angebot für private Bauherren,Angebot für privat Bauende,,,,
Diplomierte Physiotherapeutin,Diplomierte Physiotherapeutin bzw. Diplomierter Physiotherapeut,,,,
Frauengesundheitsbeauftragter,Frauengesundheitsbeauftragte bzw. -beauftragter,,,,
Diplomierte Sozialarbeiterin,Diplomierte Sozialarbeiterin bzw. Diplomierter Sozialarbeiter,,,,
Gleichbehandlungsbeauftragte,Gleichbehandlungsbeauftragte bzw. -beauftragter,,,,
IP-Adressen-Verantwortlicher,IP-Adressen-Verantwortliche bzw. -Verantwortlicher,,,,
Adresse des Antragsstellers,Adresse,,,,
Bezirksseniorenbeauftragter,Bezirksseniorenbeauftragte bzw. -beauftragter,,,,
Biomedizinischer Analytiker,Biomedizinische Analytikerin bzw. Biomedizinischer Analytiker,,,,
Diplomierte Ergotherapeutin,Diplomierte Ergotherapeutin bzw. Diplomierter Ergotherapeut,,,,
Diplomierter Sozialarbeiter,Diplomierte Sozialarbeiterin bzw. Diplomierter Sozialarbeiter,,,,
Geschäftsgruppenkoordinator,Geschäftsgruppenkoordinatorin bzw. -koordinator,,,,
IKT-Sicherheitsbeauftragter,IKT-Sicherheitsbeauftrage bzw. -beauftragter,,,,
Leitender Stationsassistent,Leitende Stationsassistentin bzw. leitender Stationsassistent,,,,
Userverwaltungsberechtigter,Userverwaltungsberechtigte bzw. -berechtigter,,,,
Zentraler PUMA Beauftragter,Zentrale PUMA Beauftragte bzw. Zentraler PUMA Beauftragter,,,,
Brandschutzansprechpartner,Brandschutzansprechpartnerin bzw. -ansprechpartner,,,,
diensthabender Journalarzt,diensthabende Journalärztin bzw. diensthabender Journalarzt,,,,
Dienststellenadministrator,Dienststellenadministration,,,,
Diplomierter Ergotherapeut,Diplomierte Ergotherapeutin bzw. Diplomierter Ergotherapeut,,,,
Karthographischer Zeichner,Karthographische Zeichnerin bzw. karthographischer Zeichner,,,,
Kindertagesheiminspektorin,Kindertagesheiminspektorin bzw.- inspektor,,,,
Querschnittsbereichsleiter,Querschnittsbereichsleiterin bzw. -bereichsleiter,,,,
Unterstützung des Kollegen,kollegiale Unterstützung,,,,
Dezentraler Administrator,Dezentrale Administratorin bzw. Administrator,,,,
Dritter Landtagspräsident,Dritte Landtagspräsidentin bzw. dritter Landtagspräsident,,,,
etwas an den Mann bringen,etwas unter die Leute bringen,etwas verkaufen,ein Anliegen loswerden,,
Geschäftsabteilungsleiter,Geschäftsabteilungsleiterin bzw. - leiter,,,,
Kundendienststellenleiter,Kundendienststellenleiterin bzw. -leiter,,,,
Leitender Rechtsfürsorger,Leitende Rechtsfürsorgerin bzw. leitender Rechtsfürsorger,,,,
Leitender Rechtsvertreter,Leitende Rechtsvertreterin bzw. leitender Rechtsvertreter,,,,
Pädagogischer Mitarbeiter,Pädagogische Mitarbeiterin bzw. pädagogischer Mitarbeiter,,,,
ViennaGIS Ansprechpartner,ViennaGIS Ansprechpartnerin bzw. ViennaGIS Ansprechpartner,,,,
Wissenschaftlicher Leiter,wissenschaftliche Leiterin bzw. wissenschaftlicher Leiter,,,,
Zweiter Landtagspräsident,Zweite Landtagspräsidentin bzw. Zweiter Landtagspräsident,,,,
Angehörige des Instituts,das Institut,,,,
Entwicklungsbeauftragter,Entwicklungsbeauftragte bzw. -beauftragter,,,,
Erster Landtagspräsident,Erste Landtagspräsidentin bzw. Erster Landtagspräsident,,,,
Formularverantwortlicher,Formularverantwortliche bzw. Formularverantwortlicher,,,,
Kinder- und Jugendanwalt,Kinder- und Jugendanwältin bzw. -anwalt,,,,
Kontraktverantwortlicher,Kontraktverantwortliche bzw. -verantwortlicher,,,,
Leitender Sozialarbeiter,Leitende Sozialarbeiterin bzw. leitender Sozialarbeiter,,,,
Nachwuchswissenschaftler,wissenschaftlicher Nachwuchs,,,,
Organisatorischer Leiter,Organisatorische Leitung,,,,
Rechtsanwaltsbeistellung,Beistellung einer Rechtsanwältin bzw. eines Rechtsanwaltes,,,,
SAP SRM-Verantwortlicher,SAP SRM-Verantwortliche bzw. -Verantwortlicher,,,,
Sonder- und Heilpädagoge,Sonder- und Heilpädagogin bzw. Sonder- und Heilpädagoge,,,,
Technik-Verantwortlicher,Technik-Verantwortliche bzw. -Verantwortlicher,,,,
Ausbildungsbeauftragter,Ausbildungsbeauftragte bzw. Ausbildungsbeauftragter,,,,
Bautechnischer Zeichner,Bautechnische Zeichnerin bzw. bautechnischer Zeichner,,,,
Benutzerstellvertretung,Benutzer*innenstellvertretung,,,,
Brandschutzbeauftragter,Brandschutzbeauftragte bzw. -beauftragter,,,,
Dipl. Physiotherapeutin,Dipl. Physiotherapeutin bzw. Dipl. Physiotherapeut,,,,
E-Rechtverantwortlicher,E-Rechtverantwortliche bzw. -verantwortlicher,,,,
Gefahrengutbeauftragter,Gefahrengutbeauftragte bzw.- beauftragter,,,,
Kaufmännischer Referent,betriebswirtschafliche Referentin bzw. betriebswirtschaflicher Referent,,,,
Kindergartenassistentin,Kindergartenassistentin bzw. assistent,,,,
Mitarbeiter in Teilzeit,Teilzeitkraft,,,,
Name des Antragstellers,Ihr Name,,,,
Öffentlichkeitsarbeiter,Öffentlichkeitsarbeiterin bzw. -arbeiter,,,,
Prozessverantwortlicher,Prozessverantwortliche bzw. Prozessverantwortlicher,,,,
Verwaltungsbediensteter,Verwaltungsbedienstete bzw. Verwaltungsbediensteter,,,,
Zeitgeber des Benutzers,Zeitgeber*in der Benutzer*innen,Zeitgeberin bzw. Zeitgeber der Benutzerinnen und Zeitgeberin bzw. Zeitgeber der Benutzer,,,
administrativer Leiter,administrative Leiterin und administrativer Leiter,administrative Leitung,,,
Amtsführender Stadtrat,Amtsführende Stadträtin bzw. amtsführender Stadtrat,amtsführende Stadträtin bzw. amtsführender Stadtrat,,,
Außendienstmitarbeiter,Außendienstmitarbeiterin und Außendienstmitarbeiter,,,,
fachmännische Auskunft,fachkundige Auskunft,,,,
Landessanitätsdirektor,Landessanitätsdirektorin bzw. -direktor,,,,
Lehrwerkstättengehilfe,Lehrwerkstättengehilfin bzw. Lehrwerkstättengehilfe,,,,
Lehrwerkstättenmeister,Lehrwerkstättenmeisterin bzw. Lehrwerkstättenmeister,,,,
Otto Normalverbraucher,Normalverbraucherin bzw. - verbraucher,,,,
Prozessveranwortlicher,Prozessverantwortliche bzw. -verantwortlicher,,,,
Veranstaltungsreferent,Veranstaltungsreferentin bzw. -referent,,,,
zuständiger Bearbeiter,zuständige Person,zuständig,,,
Arbeitsgruppenmanager,Arbeitsgruppenmanagerin bzw. - manager,,,,
Benutzereinstellungen,Benutzer*inneneinstellungen,,,,
Benutzerinformationen,Benutzer*inneninformationen,,,,
Benutzerkalenderliste,Benutzer*innenkalenderliste,,,,
Betriebsoberinspektor,Betriebsoberinspektorin bzw. - oberinspektor,,,,
Blutdepotbeauftragter,Blutdepotbeauftragte bzw. -beauftragter,,,,
Bundespräsidentenwahl,Bundespräsidentschaftswahl,,,,
Datenverantwortlicher,Datenverantwortliche bzw. -verantwortlicher,,,,
den Krankenschwestern,Pflegepersonal,,,,
Dipl. Ergotherapeutin,Dipl. Ergotherapeutin bzw. Dipl. Ergotherapeut,,,,
Diplomierter Logopäde,Diplomierte Logopädin bzw. Diplomierter Logopäde,,,,
Kaufmännischer Leiter,Betriebswirtschafliche Leitung,,,,
Kindergartenpädagogin,Kindergartenpädagogin bzw. -pädagoge,,,,
Kindersingschulleiter,Kindersingschulleiterin bzw. -leiter,Kindersingschulleitung,,,
Klinischer Psychologe,Klinische Psychologin bzw. klinischer Psychologe,,,,
Maschinenbauingenieur,Maschinenbauingenieurin bzw. Maschinenbauingenieur,,,,
Organisationsreferent,Organisationsreferentin bzw. -referent,,,,
Patientenorientierung,Patient*innenorientierung,,,,
Personalstellenleiter,Personalstellenleiterin bzw. -leiter,,,,
Qualitätsbeauftragter,Qualitätsbeauftragte bzw. -beauftragter,,,,
Rechnungsamtsdirektor,Rechnungsamtsdirektorin bzw. -direktor,,,,
Sprachwissenschaftler,Sprachwissenschaftlerin bzw. Sprachwissenschaftler,,,,
Technischer  Zeichner,Technische  Zeichnerin bzw. Technischer Zeichner,,,,
Technischer Assistent,Technische Assistentin bzw. Technischer Assistent,Technische Assistenz,,,
Universitätsassistent,Universitätsassistentin bzw. -assistent,,,,
vertretender Benutzer,vertretende Benutzer*in,vertretende Benutzerin bzw. vertretender Benutzer,,,
ViennaGIS Koordinator,ViennaGIS Koordinatorin bzw. ViennaGIS Koordinator,,,,
Wäschereibediensteter,Wäschereibedienstete bzw. -bediensteter,,,,
Agrarwissenschaftler,Agrarwissenschaftlerin und Agrarwissenschaftler,,,,
Ausbildungstechniker,Ausbildungstechnikerin bzw. Ausbildungstechniker,,,,
Desinfektionsgehilfe,Desinfektionsgehilfin bzw. -gehilfe,,,,
Diplomsozialarbeiter,Diplomsozialarbeiterin bzw. -sozialarbeiter,,,,
Direktionssekretärin,Direktionssekretärin bzw. Direktionssekretär,,,,
Einbautenkoordinator,Einbautenkoordinatorin bzw. -koordinator,,,,
Fachabteilungsleiter,Fachabteilungsleitung,,,,
Herstellerspezifisch,herstellungsspezifisch,,,,
Kontrollamtsdirektor,Kontrollamtsdirektorin bzw. -direktor,,,,
Landesschulinspektor,Landesschulinspektorin bzw. - inspektor,,,,
Lehrlingskoordinator,Lehrlingskoordinatorin bzw. Lehrlingskoordinator,,,,
Pädagogischer Leiter,Pädagogische Leiterin bzw. Leiter,Pädagogische Leitung,,,
Radiologietechnologe,Radiologietechnologin bzw. Radiologietechnologe,,,,
Rettungsdienstleiter,Rettungsdienstleiterin bzw. -leiter,,,,
Sachwalterbestellung,Bestellung einer Sachwalterin bzw. eines Sachwalters,,,,
Seniorenbeauftragter,Seniorenbeauftragte bzw. Seniorenbeauftragter,,,,
SES-Zeitbeauftragter,SES-Zeitbeauftragte bzw. SES-Zeitbeauftragter,,,,
Vermessungstechniker,Vermessungstechnikerin bzw. Vermessungstechniker,,,,
Alternativmediziner,Alternativmedizinerin und Alternativmediziner,,,,
Anbieterverzeichnis,Anbieter*innenverzeichnis,,,,
Ausbildungsreferent,Ausbildungsreferentin und Ausbildungsreferent,,,,
Behindertenbetreuer,Behindertenbetreuerin bzw.-betreuer,,,,
Benutzerstatistiken,Benutzer*innenstatistiken,,,,
Betriebsorganisator,Betriebsorganisatorin bzw. - organisator,,,,
Datenschutzreferent,Datenschutzreferentin bzw. -referent,,,,
der ein oder andere,die eine oder der andere,,,,
Dienststellenleiter,Dienstellenleiterin bzw. -leiter,Dienststellenleitung,,,
Dipl. Ergotherapeut,Dipl. Ergotherapeutin bzw. Dipl. Ergotherapeut,,,,
EDV-Ansprechpartner,EDV-Ansprechpartnerin bzw. -partner,,,,
Elektroinstallateur,Elektroinstallateurin und Elektroinstallateur,,,,
Elektrokarrenführer,Elektrokarrenführerin bzw. Elektrokarrenführer,,,,
Entwicklungspartner,Entwicklungspartnerin bzw. Entwicklungspartner,,,,
Fachbereichsmanager,Fachbereichsmanagerin bzw. -manager,,,,
Fachwissenschaftler,Fachforschende,,,,
Gartenbezirksleiter,Gartenbezirksleiterin bzw. -leiter,,,,
Geschäftsfeldleiter,Geschäftsfeldleiterin bzw. -leiter,,,,
Gesundheitsreferent,Gesundheitsreferentin bzw. Gesundheitsreferent,,,,
Kooperationspartner,in Kooperation mit,,,,
Obduktionsassistent,Obduktionsassistentin bzw. Obduktionsassistent,,,,
Operationsassistent,Operationsassistentin bzw. Operationsassistent,,,,
Ordinationsgehilfin,Ordinationsgehilfin bzw. - gehilfe,,,,
Patientenversorgung,ärztliche Versorgung,,,,
Radfahrbeauftragter,Radfahrbeauftragte bzw. -beauftragter,,,,
Registerkoordinator,Registerkoordinatorin bzw. -koordinator,,,,
Sanitätsoberrevisor,Sanitätsoberrevisorin bzw. -revisor,,,,
Systemadministrator,Systemadministratorin bzw. -administratoren,,,,
Versicherungsmakler,Versicherungsmaklerin und Versicherungsmakler,,,,
Wirtschaftsreferent,Wirtschaftsreferentin bzw. Wirtschaftsreferent,,,,
Zahlungspflichtiger,zahlungspflichtig sein,Zahlungspflichtige,,,
aktueller Benutzer,aktuelle Benutzer*in,aktuelle Benutzerin bzw. aktueller Benutzer,aktuell,,
alle Mann an Bord!,alle an Bord!,,,,
anwenderfreundlich,anwendungsfreundlich,einfach anzuwenden,praxisnah,,
benutzerfreundlich,bedienungsfreundlich,leicht zu bedienen,,,
Betriebskontrollor,Betriebskontrollorin bzw. -kontrollor,,,,
Bezirkskoordinator,Bezirkskoordinatorin bzw. - koordinator,,,,
Fachbereichsleiter,Fachbereichsleiterin bzw. -leiter,,,,
Fußgängerdurchgang,Durchgang,,,,
Hilfe eines Arztes,ärztliche Hilfe,,,,
Jugendombudsmänner,Jugendombudsleute,,,,
Lehrlingsausbilder,Lehrlingsausbilderin bzw. Lehrlingsausbilder,,,,
Leitender Referent,Leitende Referentin bzw. leitender Referent,,,,
Magistratsdirektor,Magistratsdirektorin bzw. -direktor,,,,
Maschinenschlosser,Maschinenschlosserin bzw. Maschinenschlosser,,,,
Mutter-Kind-Gruppe,Eltern-Kind-Gruppe,,,,
Niederösterreicher,Niederösterreicherin bzw. Niederösterreicher,,,,
Personalentwickler,Personalentwicklerin bzw. -entwickler,Personalentwicklung,,,
Praktikantenstelle,Praktikumsstelle,,,,
Projektkoordinator,Projektkoordinatorin bzw. -koordinator,,,,
Projektmitarbeiter,Projektmitarbeiterin bzw. Projektmitarbeiter,Projektmitarbeiterin bzw. -mitarbeiter,,,
Schlittschuhläufer,Schlittschuhläuferin bzw. Schlittschuhläufer,,,,
Staatsbürgerschaft,Staatsangehörigkeit,Nationalität,,,
Steuerhinterzieher,Steuerhinterziehende,,,,
Stiftungsverwalter,Stiftungsverwalterin bzw. -verwalter,,,,
Telko-Beauftragter,Telko-Beauftragte bzw. -Beauftragter,,,,
Vermessungsgehilfe,Vermessungsgehilfin bzw. Vermessungsgehilfe,,,,
Verursacherprinzip,Verursachungsprinzip,,,,
Apothekenlaborant,Apothekenlaborantin bzw. -laborant,,,,
Arbeitspsychologe,Arbeitspsychologin bzw. Arbeitspsychologe,,,,
Ausbildungsjurist,Ausbildungsjuristin bzw. Ausbildungsjurist,,,,
Beschwerdemanager,Beschwerdemanagerin bzw. Beschwerdemanager,,,,
Besucherparkplatz,Besuchsparkplatz,,,,
Betriebsassistent,Betriebsassistentin bzw.- assistent,,,,
Betriebsinspektor,Betriebsinspektorin bzw. -inspektor,,,,
Bezirksamtsleiter,Bezirksamtsleiterin bzw. -amtsleiter,,,,
Bezirkswahlleiter,Bezirkswahlleitung,,,,
Budgetkoordinator,Budgetkoordinatorin bzw. -koordinator,,,,
Bürgerbeteiligung,beteiligte Institutionen bzw. Beteiligung von Bürgerinnen und Bürgern,,,,
Drogenkoordinator,Drogenkoordinatorin bzw. Drogenkoordinator,,,,
EU-Förderreferent,EU-Förderreferentin bzw. -referent,,,,
Fachbereitsleiter,Fachbereichsleitung,,,,
Familientherapeut,Familientherapeutin bzw. -therapeut,,,,
Fußgängerübergang,Zebrastreifen,,,,
Gartenwerkmeister,Gartenwerkmeisterin bzw. -meister,,,,
Gebietsreferenten,Gebietsreferentinnen bzw. -referenten,,,,
Generaldirektoren,Generaldirektorinnen bzw. Generaldirektor,,,,
Handybeauftragter,Handybeauftragte bzw. -beauftragter,,,,
Hausprofessionist,Hausprofessionistin bzw. -professionist,,,,
Institutsvorstand,Institutsvorständin bzw. -vorstand,,,,
Kehrbezirksleiter,Kehrbezirksleiterin bzw. -leiter,,,,
Konsumentenschutz,Konsument*innenschutz,,,,
Krankenschwestern,Krankenpflegepersonal,,,,
KTH-Administrator,KTH-Administratorin bzw. KTH-Administrator,,,,
Landeshauptmänner,Landeshauptleute,,,,
Landtagspräsident,Landtagspräsidentin bzw. Landtagspräsident,,,,
Luftbildauswerter,Luftbildauswerterin bzw. - auswerter,,,,
Mädchenmannschaft,Mädchenteam,,,,
Maschinenarbeiter,Maschinenarbeiterin und Maschinenarbeiter,,,,
Mittelschullehrer,Mittelschullehrerin bzw. Mittelschullehrer,,,,
Oberösterrreicher,Oberösterreicherin bzw. Oberösterreicher,,,,
Olympiamannschaft,Olympiateam,,,,
Operationsgehilfe,Operationsgehilfin bzw. -gehilfe,,,,
Ordinationshelfer,Ordinationshelferin bzw. -helfer,,,,
Personalvertreter,Personalvertreterinnen bzw. Personalvertreter,Personalvertreterin bzw. Personalvertreter,Personalvertretung,,
Pflegebedürftiger,Pflegebedürftige bzw. Pflegebedürftiger,,,,
Physiotherapeutin,Physiotherapeutin bzw. -therapeut,,,,
Prozesseigentümer,Prozesseigentümer*in,Prozesseigentümerin bzw. Prozesseigentümer,,,
PUMA-Beauftragter,PUMA-Beauftragte bzw. -Beauftragter,,,,
Rettungssanitäter,Sanitäterin bzw. Sanitäter,,,,
Sportplatzrevisor,Sportplatzrevisorin bzw. -revisor,,,,
Stabstellenleiter,Stabstellenleiterin bzw. -leiter,,,,
Stationsschwester,Stationsschwester bzw. Stationspfleger,,,,
Versichertenkarte,Gesundheitskarte,Versicherungskarte,,,
Veterinärdirektor,Veterinärdirektorin bzw. Veterinärdirektor,,,,
Vizebürgermeister,Vizebürgermeisterin bzw. Vizebürgermeister,,,,
Wählerverzeichnis,Wahlverzeichnis,,,,
Wäschereiarbeiter,Wäschereiarbeiterin bzw. -arbeiter,,,,
Werkstättenleiter,Werkstättenleiterin bzw. Werkstättenleiter,,,,
Wirtschaftshelfer,Wirtschaftshelferin bzw. Wirtschaftshelfer,,,,
Abteilungshelfer,Abteilungshelferin bzw. -helfer,,,,
Abteilungsleiter,Abteilungsleitung,Abteilungsleiterin bzw. Abteilungsleiter,,,
Anwaltsassistent,Anwaltsassistentin und Anwaltsassistent,,,,
Anwenderprogramm,Anwendungsprogramm,,,,
Arbeitsmediziner,Arbeitsmedizinerin bzw. Arbeitsmediziner,,,,
Benutzerhandbuch,Bedienungsanleitung,Benutzungshandbuch,Manual,,
Beratertätigkeit,Berater*innentätigkeit,Beratung,,,
Bereichsdirektor,Bereichsdirektorin bzw. Bereichsdirektor,,,,
Besucherrückgang,Publikumsrückgang,Rückgang der Besuche,sinkende Nachfrage,,
Betriebsvorstand,Betriebsvorständin bzw. -vorstand,,,,
Bezirksvorsteher,Bezirksvorsteherin bzw. -vorsteher,,,,
Ein-Mann-Betrieb,Ein-Personen-Betrieb,,,,
Elektroingenieur,Elektroingenieurin und Elektroingenieur,,,,
Fachbediensteter,Fachbedienstete bzw. Fachbediensteter,,,,
Familienreferent,Familienreferentin bzw. -referent,,,,
Ferialpraktikant,Ferialpraktikantin bzw. Ferialpraktikant,,,,
Frauenmannschaft,Frauenteam,,,,
Geschäftsinhaber,Geschäftsinhaberin bzw. Geschäftsinhaber,,,,
Gesprächspartner,Gesprächsbeteiligte; Gegenüber,,,,
Hauptschullehrer,Hauptschullehrerin bzw. Hauptschullehrer,Lehrkörper,,,
IKS-Beauftragter,IKS-Beauftragte bzw. IKS-Beauftragter,,,,
Immobilienmakler,Immobilienmaklerin bzw. -makler,,,,
Jugendombudsmann,Jugendombudsfrau bzw. -mann,Jugendombudsstelle,,,
Klubvorsitzender,Klubvorsitzende bzw. - vorsitzender,,,,
Kraftwagenlenker,Kraftwagenlenkerin bzw.-lenker,,,,
Krankenschwester,Krankenschwester bzw. -pfleger,,,,
kundenfreundlich,kund*innenfreundlich,zuvorkommend,,,
Landtagsdirektor,Landtagsdirektorin bzw. Landtagsdirektor,,,,
Lateinamerikaner,Lateinamerikanerin und Lateinamerikaner,,,,
Maschinenmeister,Maschinenmeisterin bzw. -meister,,,,
Musikschulleiter,Musikschulleiterin bzw. -leiter,Musikschulleitung,,,
Objekteigentümer,Objekteigentümer*in,Objekteigentümerin bzw. Projekteigentümer,,,
Personalreferent,Personalreferentin bzw. -referent,,,,
Prosekturgehilfe,Prosekturgehilfin bzw. -gehilfe,,,,
Prozessinitiator,Prozessinitiator*in,Prozessinitiatorin bzw. Prozessinitiator,,,
Qualitätsmanager,Qualitätsmanagerin bzw. -manager,,,,
Sachverständiger,Expertin bzw. Experte,Sachverständige bzw. Sachverständiger,,,
Schirmherrschaft,Support; gefördert von; unterstützt von,,,,
Stadtbaudirektor,Stadtbaudirektorin bzw. Stadtbaudirektor,,,,
Stützpunktleiter,Stützpunktleiterin bzw. -leiter,,,,
Systemanalytiker,Systemanalytikerin bzw. Systemanalytiker,,,,
Teilnehmergebühr,Teilnahmegebühr,,,,
Volksschullehrer,Volksschullehrerin bzw. Volksschullehrer,Volksschul-Lehrkörper,,,
Adressatenliste,Adressat*innenliste,,,,
Alleinverdiener,Alleinverdienerin bzw. Alleinverdiener,,,,
Ansprechpartner,Ansprechpartnerin bzw. Ansprechpartner,Ansprechperson; Kontakt,,,
Anstaltsgehilfe,Anstaltsgehilfin bzw.-gehilfe,Anstaltsgehilfin und Anstaltsgehilfe,,,
anwenderbezogen,anwendungsbezogen,praxisbezogen,,,
Ärztekommission,ärztliche Kommission,,,,
Benutzerordnung,Benutzungsordnung,,,,
Besitzerwechsel,Besitzwechsel,,,,
Bezirksreferent,Bezirksreferentin bzw. -referent,,,,
Blockelektriker,Blockelektrikerin und Blockelektriker,,,,
Brandschutzwart,Brandschutzwartin bzw. -schutzwart,,,,
Damenmannschaft,Damenteam,,,,
Dezernatsleiter,Dezernatsleiterin bzw. -leiter,Dezernatsleitung,,,
Dipl. Logopädin,Dipl. Logopädin bzw. Dipl. Logopäde,,,,
Diplomingenieur,Diplomingenieurin bzw. Diplomingenieur,,,,
Druckereileiter,Druckereileiterin bzw. -leiter,,,,
Expertengremium,Expert*innengremium,,,,
Fachassistenten,Fachassistenz,,,,
Fachwerkmeister,Fachwerkmeisterin bzw. -werkmeister,,,,
Feuerwehrmänner,Feuerwehrleute,,,,
Gebietsreferent,Gebietsreferentin bzw. -referent,,,,
Generaldirektor,Generaldirektorin bzw. -direktor,,,,
Generalsekretär,Generalsekretärin bzw. -sekretär,,,,
Geschäftsführer,Geschäftsführende,Geschäftsführerin und Geschäftsführer,Geschäftsführung,,
Geschäftsleiter,Geschäftsleiterin bzw. Geschäftsleiter,,,,
Hauskoordinator,Hauskoordinatorin bzw. -koordinator,,,,
IT-Beauftragter,IT-Beauftragte bzw. IT-Beauftragter,,,,
Kanzleigehilfin,Kanzleigehilfin bzw. -gehilfe,,,,
Kanzleilehrling,weiblicher bzw. männlicher Kanzleilehrling,,,,
Kanzleileiterin,Kanzleileiterin bzw.- leiter,,,,
Kardiotechniker,Kardiotechnikerin bzw. -techniker,,,,
Kindergärtnerin,Kindergartenpädagogin bzw. -pädagoge,,,,
Klassensprecher,Klassensprecherin bzw. Klassensprecher,,,,
Landeshauptmann,Landeshauptfrau bzw. -mann,,,,
Lehrerkonferenz,Konferenz der Lehrkräfte,,,,
leserfreundlich,lesefreundlich,,,,
Lokomotivführer,Lokomotivführerin und Lokomotivführer,,,,
Marketingleiter,Marketingleiterin bzw. -leiter,,,,
Oberwerkmeister,Oberwerkmeisterin bzw. -werkmeister,,,,
Patientenanwalt,Patient*innenanwältin bzw. -anwalt,Patient*innenanwaltschaft,,,
Patientenzimmer,Wartezimmer,,,,
Physiotherapeut,Physiotherapeutin bzw. Physiotherapeut,,,,
Protokollführer,Protokollführende,,,,
Psychotherapeut,Psychotherapeutin bzw. -therapeut,,,,
Rechtsfürsorger,Rechtsfürsorgerin bzw. -fürsorger,,,,
Sammlungsleiter,Sammlungsleiterin bzw. -leiter,,,,
Sanitätsgehilfe,Sanitätsgehilfin bzw. -gehilfe,,,,
Sanitätsrevisor,Sanitätsrevisorin bzw. -revisor,,,,
Stationsgehilfe,Stationsgehilfin bzw. -gehilfe,,,,
Stationspfleger,Stationspflegerin bzw. -pfleger,Stationsschwester bzw. Stationspfleger,,,
Stationsrevisor,Stationsrevisorin bzw. Stationsrevisor,,,,
Teamwerkmeister,Teamwerkmeisterin bzw. -meister,,,,
Vereinsobmänner,Vereinsobleute,,,,
Vergabereferent,Vergabereferentin bzw. -referent,,,,
Vertragspartner,Vertragspartei,,,,
Weltmarktführer,Weltmarktführende,,,,
Wissenschaftler,Wissenschaftlerin bzw. Wissenschaftler,,,,
Zentraleuropäer,Zentraleuropäerin bzw. Zentraleuropäer,,,,
Altersforscher,Altersforscherin und Altersforscher,,,,
Anlagebesitzer,Anlagebesitzende,,,,
Arbeiternehmer,Belegschaft,Beschäftigte,,,
Arbeitskollege,Arbeitskollegin und Arbeitskollege,,,,
Ausländerfrage,Migrationsthematik,,,,
Autoelektriker,Autoelektrikerin und Autoelektriker,,,,
Automechaniker,Automechanikerin und Automechaniker,,,,
Benutzerprofil,Benutzer*innenprofil,,,,
Bereichsleiter,Bereichsleiterin bzw. Bereichsleiter,Bereichsleitung,,,
Besuchergruppe,Besuchsgruppe,,,,
Betriebsleiter,Betriebsleiterin bzw. -leiter,Betriebsleitung,,,
Betriebsprüfer,Betriebsprüferin bzw. Betriebsprüfer,,,,
Bewerberzahlen,Bewerbungszahlen,,,,
Brüderlichkeit,Solidarität,,,,
Budgetreferent,Budgetreferentin bzw. -referent,,,,
Bürokaufmänner,Bürokaufleute,,,,
Chefsekretärin,Chefsekretärin bzw. -sekretär,,,,
die Mannschaft,das Team,die Gruppe,,,
Dipl. Logopäde,Dipl. Logopädin bzw. Dipl. Logopäde,,,,
Einsteigerkurs,Einstiegskurs,Grundkurs,Basiskurs,,
Elektromonteur,Elektromonteurin und Elektromonteur,,,,
Europareferent,Europareferentin bzw. -referent,,,,
Expertentagung,Fachtagung,,,,
Expertenwissen,Fachwissen,Fachwissen; Expertise,,,
Finanzreferent,Finanzreferentin bzw. Finanzreferent,,,,
Fußballspieler,Fußballspielende,,,,
Garagenmeister,Garagenmeister*in,Garagenmeisterin bzw. -meister,,,
Geschäftsfüher,Geschäftsführung; Geschäftsleitung,,,,
Gesellschafter,Gesellschafterin bzw. Gesellschafter,Betriebsgesellschaft,,,
Gewerkschafter,Gewerkschafterin bzw. Gewerkschafter,,,,
Inventarführer,Inventarführende,Inventarführerin bzw. Inventarführer,,,
IT-Organisator,IT-Organisatorin bzw. IT-Organisator,,,,
Kinderfacharzt,Kinderfachärztin bzw. -facharzt,,,,
Krankenpfleger,Krankenpflegerin bzw. Krankenpfleger,Pflegepersonal,,,
Lebensgefährte,Lebensgefährtin bzw. Lebensgefährte,,,,
Lenkererhebung,Erhebung der Lenkerin bzw. des Lenkers,,,,
Lungenfacharzt,Lungenfachärztin bzw. -facharzt,,,,
Masseverwalter,Masseverwalterin und Masseverwalter,,,,
Mediensprecher,Mediensprecherin bzw. -sprecher,,,,
Metallarbeiter,Metallarbeiterin bzw. Metallarbeiter,,,,
Mitteleuropäer,Mitteleuropäerin bzw. Mitteleuropäer,,,,
Motorradführer,Motorradführerin bzw. -führer,,,,
Musiktherapeut,Musiktherapeutin bzw. -therapeut,,,,
Nordamerikaner,Nordamerikanerin bzw. Nordamerikaner,,,,
Obermagazineur,Obermagazineurin bzw. -magazineur,,,,
Oberstudienrat,Oberstudienrätin und Oberstudienrat,,,,
Parlamentarier,Parlamentarierin bzw. Parlamentarier,,,,
Pressereferent,Pressereferentin bzw. -referent,,,,
Programmleiter,Programmleiterin bzw. -leiter,Programmleitung,,,
Projektmanager,Projektmanagerin bzw. -manager,,,,
Raucherbereich,Bereich für Rauchende,,,,
Rechtsreferent,Rechtsreferentin bzw. Rechtsreferent,,,,
Referatsleiter,Referatsleiterin bzw. -leiter,Referatsleitung,,,
Rettungshelfer,Rettungshelferin bzw. -helfer,,,,
Sachbearbeiter,Sachbearbeiterin bzw.  Sachbearbeiter,,,,
Schriftsteller,Schriftstellerin bzw. Schriftsteller,,,,
Sektionsleiter,Sektionsleiterin bzw. -leiter,Sektionsleitung,,,
Sozialarbeiter,Sozialarbeiterin bzw. Sozialarbeiter,,,,
Sozialdemokrat,Sozialdemokratin und Sozialdemokrat,,,,
Sozialpädagoge,Sozialpädagogin bzw. Sozialpädagoge,,,,
Stationsführer,Stationsführerin bzw. Stationsführer,,,,
Stationsleiter,Stationsleiterin bzw. -leiter,,,,
Stellvertreter,Stellvertretung,Vertretung,vertreten durch,vertreten von,
Systembediener,Systembedienerin bzw. Systembediener,,,,
Teilnehmerzahl,Teilnahmezahl; Gruppengröße; Anmeldezahl,,,,
Troubleshooter,Troubleshooterin bzw. Troubleshooter,,,,
Verkehrssünder,Verkehrssünderin bzw. Verkehrssünder,,,,
Werkzeugmacher,Werkzeugmacherin bzw. Werkzeugmacher,,,,
Wissenschafter,Wissenschafterin bzw. Wissensschafter,,,,
Wohnungsmakler,Wohnungsmaklerin bzw. Wohnungsmakler,,,,
Workshopleiter,Workshopleitung,,,,
Zahnarzthelfer,Zahnarzthelferin bzw. Zahnarzthelfer,,,,
Ziviltechniker,Ziviltechnikerin bzw. Ziviltechniker,,,,
Abfallmanager,Abfallmanagerin und Abfallmanager,,,,
Administrator,Administratorin und Administrator,Administratorin bzw. Administrator,,,
Altenpflegern,Pflegepersonal,,,,
Antragsteller,Antrag gestellt von,ich beantrage,Antragstellerin bzw. Antragsteller,,
Anwaltskosten,Kosten für die Rechtsvertretung,,,,
Archivgehilfe,Archivgehilfin bzw. Archivgehilfe,,,,
Arztgeheimnis,Berufsgeheimnis,Schweigepflicht der Ärztin,Schweigepflicht des Arztes,,
Assistenzarzt,Assistenzärztin bzw. Assistenzarzt,,,,
Auftragnehmer,Auftragnehmerin bzw. Auftragnehmer,,,,
Bauinspizient,Bauinspizientin bzw. Bauinspizient,Bauinspizientin und Bauinspizient,,,
Beifahrersitz,Beifahrsitz,,,,
Beschuldigter,beschuldigte Person,,,,
Branddirektor,Branddirektorin bzw. Branddirektor,Branddirektor bzw. -direktorin,,,
Bürgermeister,Bürgermeisterin bzw. Bürgermeister,,,,
Chefredakteur,Chefredakteurin bzw. - redakteur,,,,
Demonstranten,Demonstrierende,,,,
die Ermittler,Ermittlungsteam,,,,
Dienstleister,Dienstleisterin bzw. Dienstleister,,,,
Ergotherapeut,Ergotherapeutin bzw. Ergotherapeut,,,,
Fachassistent,Fachassistentin bzw. Fachassistent,Fachassistenz,,,
Feuerwehrmann,Feuerwehrfrau bzw. Feuerwehrmann,,,,
Filmvorführer,Filmvorführerin bzw. Filmvorführer,,,,
Fremdenführer,Fremdenführerin bzw. Fremdenführer,,,,
Fußgängerzone,autofreie Zone,verkehrsarme Zone,verkehrsfreie Zone,,
Gruppenleiter,Gruppenleiterin bzw. -leiter,Gruppenleitung,,,
Hausinspektor,Hausinspektorin bzw. Hausinspektor,,,,
Interessenten,Interessierte,,,,
Journalleiter,Journalleiterin bzw. -leiter,,,,
Kanalarbeiter,Kanalarbeiterin bzw. -arbeiter,,,,
Kanzleileiter,Kanzleileiterin bzw.- leiter,,,,
KTH-Inspektor,KTH-Inspektorin bzw. KTH-Inspektor,,,,
Küchengehilfe,Küchengehilfin bzw. -gehilfe,,,,
kundenbezogen,bezogen auf die Kundschaft,,,,
Kundenwerbung,Akquisition,,,,
Mechatroniker,Mechatronikerin bzw. Mechatroniker,,,,
Medienpartner,in Medienpartnerschaft mit,,,,
Muttersprache,Erstsprache,,,,
Notarzthelfer,Notarzthelferin bzw. Notarzthelfer,,,,
Oberpflegerin,Oberpflegerin bzw. -pfleger,,,,
Oberschwester,Oberschwester bzw. Oberpfleger,,,,
Organisatorin,Organisierende,Organisatorin bzw. Organisator,,,
Programmierer,Programmiererin bzw. Programmierer,,,,
Projektleiter,Leitung,Projektleitung,,,
Raumpflegerin,Reinigungskraft,,,,
Schriftführer,Schriftführerin bzw. Schriftführer,,,,
Schulsprecher,Schulsprecherin bzw. Schulsprecher,,,,
Seminarleiter,Seminarleitung,,,,
Sponsorgelder,Sponsoringgelder,,,,
Stadtschulrat,Stadtschulrätin bzw. Stadtschulrat,,,,
Südamerikaner,Südamerikanerin bzw. Südamerikaner,,,,
Teamassistent,Teamassistentin bzw. -assistent,Teamassistenz,,,
Traktorführer,Traktorführerin bzw. Traktorführer,,,,
Umweltanwälte,Umweltanwältinnen bzw. -anwälte,,,,
Unteroffizier,Unteroffizierin bzw. Unteroffizier,,,,
Vereinsobmann,Vereinsobfrau bzw. -obmann,,,,
Verlagsführer,Verlagsführerin bzw. Verlagsführer,,,,
VIPER-KeyUser,VIPER-KeyUserin bzw. VIPER-KEYUser,,,,
Vizepräsident,Vizepräsidentin bzw. Vizepräsident,,,,
Zahntechniker,Zahntechnikerin bzw. Zahntechniker,,,,
Altenpfleger,Altenpflegerin und Altenpfleger,Pflegepersonal,,,
Amtshauswart,Amtshauswartin bzw. Amtshauswart,,,,
Amtstierarzt,Amtstierärztin bzw. Amtstierarzt,,,,
Anfängerkurs,Einstiegskurs,Grundkurs,,,
Angestellter,Angestellte bzw. Angestellter,Belegschaft,Personal,,
Anthropologe,Anthropologin und Anthropologe,,,,
Arbeitnehmer,Arbeitnehmerin bzw. Arbeitnehmer,,,,
Archivleiter,Archivleiterin bzw. Archivleiter,Archivleitung,,,
Auftraggeber,Auftraggeberin bzw. Auftraggeber,,,,
Bakkalaureus,Bakkalaurea bzw. Bakkalaureus,,,,
Bauingenieur,Bauingenieurin bzw. Bauingenieur,,,,
Bediensteter,Bedienstete bzw. Bediensteter,,,,
Beschäftigte,Angestellten,Belegschaft,Personal,,
Betriebsarzt,Betriebsärztin bzw. Betriebsarzt,,,,
Bibliothekar,Bibliothekarin und Bibliothekar,,,,
Börsenmakler,Börsenmaklerin und Börsenmakler,,,,
Burgenländer,Burgenländerin und Burgenländer,,,,
Bürokaufmann,Bürokauffrau bzw. -kaufmann,,,,
Dienstnehmer,Dienstnehmerin bzw. Dienstnehmer,,,,
Eisenstädter,Eisenstädterin und Eisenstädter,,,,
Ersatzmänner,Ersatzmitglieder,,,,
Expertenjury,Expert*innenjury,,,,
Facharbeiter,Facharbeiterin bzw. Facharbeiterin,,,,
fachmännisch,fachkundig,,,,
Fachreferent,Fachreferentin bzw. Fachreferent,,,,
Fleischhauer,Fleischhauerin bzw. Fleischhauer,,,,
Fliesenleger,Fliesenlegerin und Fliesenleger,,,,
Fördernehmer,Fördernehmerin bzw. Fördernehmer,,,,
Forscherteam,Forschungsteam,,,,
Hausarbeiter,Hausarbeiterin bzw.- arbeiter,,,,
Haushälterin,Haushälterin bzw. Haushälter,,,,
Heimhelferin,Heimhelferin bzw. -helfer,,,,
Horthelferin,Horthelferin bzw. -helfer,,,,
IKT-Referent,IKT-Referentin bzw. -referent,,,,
Informatiker,Informatikerin bzw. Informatiker,,,,
Installateur,Installateurin bzw. Installateur,,,,
Jobsuchender,Jobsuchende bzw. Jobsuchender,auf Jobsuche,,,
Kameramänner,Kamerateam,,,,
Klagenfurter,Klagenfurterin bzw. Klagenfurter,,,,
Klubdirektor,Klubdirektorin bzw.- Klubdirektor,,,,
Küchenleiter,Küchenleiterin bzw. -leiter,,,,
Kundendienst,Auskunftsstelle,Serviceabteilung,,,
Kundenmagnet,Anziehungspunkt,,,,
Laborgehilfe,Laborgehilfin bzw. -gehilfe,Laborgehilfin bzw. Laborgehilfe,,,
Ladeninhaber,Ladeninhaberin und Ladeninhaber,,,,
Mannschaften,Gruppen,Teams,,,
Marktgehilfe,Marktgehilfin bzw. -gehilfe,,,,
Marktmeister,Marktmeisterin bzw. -meister,,,,
Mathematiker,Mathematikerin bzw. Mathematiker,,,,
Müllaufleger,Müllauflegerin bzw. -aufleger,,,,
Namensvetter,Gleichnamige,,,,
Nordeuropäer,Nordeuropäerin bzw. Nordeuropäer,,,,
Oberaufseher,Oberaufseherin bzw. -aufseher,,,,
Objektleiter,Objektleiterin bzw. -leiter,,,,
Ombudsmänner,Ombudsleute,,,,
Österreicher,Österreicherin bzw. Österreicher,,,,
Partieführer,Partieführerin bzw. Partieführer,,,,
Pflegehelfer,Pflegehelferin bzw. -helfer,,,,
Platzmeister,Platzmeisterin bzw. -meister,,,,
Raucherpause,Zigarettenpause,,,,
Rechtsanwalt,Rechtsanwältin bzw. Rechtsanwalt,,,,
Repräsentant,Repräsentantin bzw. Repräsentant,,,,
Rezeptionist,Rezeptionistin bzw. Rezeptionist,,,,
Schauspieler,Schauspielerin bzw. Schauspieler,,,,
Sektionschef,Sektionschefin bzw. Sektionschef,,,,
Staatsbürger,Staatsbürgerin bzw. Staatsbürger,,,,
Steuerzahler,Steuerzahlerin bzw. Steuerzahler,Steuerzahlende,,,
Telefonistin,Telefonistin bzw. Telefonist,,,,
Umweltanwalt,Umweltanwältin bzw. -anwalt,,,,
Urheberrecht,Copyright,,,,
Veranstalter,veranstaltet durch; veranstaltet von,,,,
Vorarlberger,Vorarlbergerin bzw. Vorarlberger,,,,
Vorgesetzter,Führungskraft,,,,
Vorsitzender,unter dem Vorsitz von,Vorsitzende bzw. Vorsitzender,Vorsitzführung,,
Westeuropäer,Westeuropäerin bzw. Westeuropäer,,,,
Wettbewerber,Wettbewerberin bzw. Wettbewerber,,,,
Wirtschafter,Wirtschafterin bzw. Wirtschafter,,,,
Zimmermänner,Zimmerleute,,,,
Zugbegleiter,Zugbegleiterin bzw. Zugbegleiter,,,,
Alkoholiker,Suchtkranke,,,,
Amtsgehilfe,Amtsgehilfin und Amtsgehilfe,,,,
Angehörigen,Familienmitgliedern,Verwandten,,,
Angehöriger,Angehörige bzw. Angehöriger,Familienmitglied,,,
Angeklagter,angeklagte Person,,,,
Arbeitgeber,Arbeitgeberin und Arbeitgeber,Organisation der Arbeitsgebenden,Arbeitgebende; Betriebe; Unternehmen,,
Arztzeugnis,ärztliches Zeugnis,Krankheitsbescheinigung,Unfallbestätigung,,
Bademeister,Bademeisterin und Bademeister,,,,
Bauarbeiter,Bauarbeiterin und Bauarbeiter,,,,
Besitzender,im Besitz von,,,,
Betriebsrat,Betriebsrätin bzw. Betriebsrat,,,,
Dienstgeber,Dienstgeberin bzw. Dienstgeber,,,,
Dolmetscher,Dolmetscherin bzw. Dolmetscher,,,,
Einwanderer,Einwanderin bzw. Einwanderer,,,,
Evaluatoren,Evaluierungsteam,,,,
Fachgehilfe,Fachgehilfin bzw. -gehilfe,,,,
Funktionäre,Funktionärin bzw. Funktionär,,,,
Genforscher,Genforscherin bzw. -forscher,,,,
Gesetzgeber,gesetzgebende Instanz,Legislative,Gesetzgebende,,
Hausmeister,Hausmeisterin bzw. Hausmeister,,,,
Heilmasseur,Heilmasseurin bzw.-masseur,,,,
Herausgeber,Herausgeberin bzw. Herausgeber,herausgegeben von,,,
Infomanager,Infomanagerin bzw. -manager,,,,
Innsbrucker,Innsbruckerin bzw. Innsbrucker,,,,
Interviewer,Interviewende,,,,
Kabarettist,Kabarettistin und Kabarettist,,,,
Konsumenten,Kundschaft,,,,
Kontrolleur,Kontrolleurin bzw. Kontrolleur,,,,
Koordinator,Koordinatorin bzw. Koordinator,,,,
Kraftfahrer,Kraftfahrerin bzw. Kraftfahrer,,,,
Kubobmänner,Klubobleute,,,,
Lagerleiter,Lagerleiterin bzw. -leiter,Lagerleitung,,,
Lieferanten,Lieferfirma,,,,
Mädchenname,Geburtsname,,,,
Mitarbeiter,Angestellten,Belegschaft,Personal,Mitarbeiterin bzw. Mitarbeiter,Team
Mitbewohner,Mitbewohnerin bzw. Mitbewohner,,,,
Not am Mann,Notsituation,,,,
Obermonteur,Obermonteurin bzw. -monteur,,,,
Organisator,Organisationskomitee,Organisierende,organisiert von,,
Osteuropäer,Osteuropäerin bzw. Osteuropäer,,,,
Preisträger,Geehrte,Preisträgerin bzw. Preisträger,,,
Restaurator,Restauratorin bzw. Restaurator,,,,
SAP-KeyUser,SAP-KeyUserin bzw. -KeyUser,,,,
Sportlehrer,Sportlehrerin bzw. Sportlehrer,,,,
Stakeholder,Stakeholderin bzw. Stakeholder,Interessensgruppe,,,
Südeuropäer,Südeuropäerin bzw. Südeuropäer,,,,
Tierpfleger,Tierpflegerin bzw. Tierpfleger,,,,
Unternehmer,Unternehmerin bzw. Unternehmer,Selbstständige; Wirtschaftstreibende; Geschäftsleute,,,
Verbraucher,Verbraucherin bzw. Verbraucher,,,,
Verteidiger,Rechtsvertretung,Verteidigung,Verteidigung; Rechtsvertretung,,
Vorarbeiter,Vorarbeiterin bzw. Vorarbeiter,,,,
Werkmeister,Werkmeisterin bzw. Werkmeister,,,,
Wohnberater,Wohnberaterin bzw. Wohnberater,,,,
Zivilkläger,Zivilpartei,,,,
AHS-Lehrer,AHS-Lehrerin bzw. AHS-Lehrer,,,,
Amerikaner,Amerikanerin und Amerikaner,,,,
Amtsleiter,Amtsleiterin und Amtsleiter,,,,
Analytiker,Analytikerin und Analytiker,,,,
Aristokrat,Aristokratin und Aristokrat,,,,
Arzthelfer,Arzthelferin und Arzthelfer,,,,
Arztkosten,(ärztliche) Behandlungskosten,,,,
Arzttermin,Behandlungstermin,,,,
Asylwerber,Asylwerberin und Asylwerber,Asylsuchende,Personen im Asylverfahren,,
Aussteller,Ausstellerin und Aussteller,,,,
Autofahrer,Autofahrerin und Autofahrer,,,,
Babysitter,Babysitterin bzw. Babysitter,,,,
Bearbeiter,Bearbeiterin bzw. Bearbeiter,bearbeitet von,,,
Beteiligte,beteiligte Institutionen,Partei,Vertragspartei,,
Betrachter,Betrachtende,,,,
Bezirksrat,Bezirksrätin bzw. Bezirksrat,,,,
Bierbrauer,Bierbrauerin und Bierbrauer,,,,
Buchbinder,Buchbinderin bzw. Buchbinder,Buchbinderin und Buchbinder,,,
Buchhalter,Buchhalterin bzw. Buchhalter,,,,
Bürohelfer,Bürohelferin bzw. -helfer,,,,
Büroleiter,Büroleiterin bzw. -leiter,,,,
Controller,Controllerin bzw. Controller,,,,
Dachdecker,Dachdeckerin und Dachdecker,,,,
Eigentümer,(im) Eigentum von,Eigentümer*in,Eigentümerin bzw. Eigentümer,,
Einrichter,Einrichterin und Einrichter,,,,
Elektriker,Elektrikerin bzw. Elektriker,,,,
Entwickler,Entwicklerin bzw. Entwickler,,,,
Ersatzmann,Ersatzperson,,,,
Ersthelfer,Ersthelferin bzw. Ersthelfer,,,,
Fachmänner,Fachleute,,,,
Freigänger,Freigängerin bzw. Freigänger,,,,
Glasbläser,Glasbläserin bzw. Glasbläser,,,,
Gymnasiast,Gymnasiastin bzw. Gymnasiast,,,,
Haushälter,Haushälterin bzw. Haushälter,,,,
Hersteller,Herstellende,,,,
Horthelfer,Horthelferin bzw. -helfer,,,,
HTL-Lehrer,HTL-Lehrerin bzw. HTL-Lehrer,,,,
Inhabender,im Besitz von,Inhabende bzw. Inhhabender,,,
Journalist,Journalistin bzw. Journalist,,,,
Kartograph,Kartographin bzw. Kartograph,,,,
Kaufmänner,Kaufleute,,,,
Klubobmann,Klubobfrau bzw. -obmann,,,,
Korbmacher,Korbmacherin bzw. Korbmacher,,,,
Kosmetiker,Kosmetikerin bzw. Kosmetiker,,,,
Lehrerteam,Team der Unterrichtenden,,,,
Liquidator,Liquidatorin bzw. Liquidator,,,,
Logistiker,Logistikerin bzw. Logistiker,,,,
Magazineur,Magazineurin bzw. Magazineur,,,,
Mannmonate,Personenmonate,,,,
Mannschaft,Belegschaft,Besatzung,Gruppe,Team,Kollektiv
Mannstunde,Arbeitsstunde,Personenstunde,,,
Maschinist,Maschinistin bzw. Maschinist,,,,
Mechaniker,Mechanikerin bzw. Mechaniker,,,,
Ofensetzer,Ofensetzerin bzw. Ofensetzer,,,,
Ombudsmann,Ombudsfrau bzw. -mann,,,,
Orthoptist,Orthoptistin bzw. Orthoptist,,,,
Osttiroler,Osttirolerin bzw. Osttiroler,,,,
Pharmazeut,Pharmazeutin bzw. Pharmazeut,,,,
Praktikant,Praktikantin bzw. Praktikant,,,,
Psychologe,Psychologin bzw. Psychologe,,,,
Sachwalter,Sachwalterin bzw. Sachwalter,,,,
Saisonnier,Saisonnière bzw.  Saisonnier,,,,
Salzburger,Salzburgerin bzw. Salzburger,,,,
Schirmherr,Schirmfrau bzw. Schirmherr,gefördert von; unterstützt von,,,
Sekretärin,Sekretärin bzw. Sekretär,,,,
Spezialist,Spezialistin bzw. Spezialist,,,,
Staatsmann,Staatsfrau bzw. Staatsmann,Staatsoberhaupt,,,
Südtiroler,Südtirolerin bzw. Südtiroler,,,,
Supervisor,Supervisorin bzw. Supervisor,,,,
Taxifahrer,Taxifahrerin bzw. Taxifahrer,,,,
Teamleiter,Teamleiterin bzw. Teamleiter,Teamleitung,,,
Technologe,Technologin bzw. Technologe,,,,
Teilnehmer,Teilnehmende,Anwesende,Anmeldungen,Teilnehmer*in,Teilnehmerin bzw. Teilnehmer
übermannen,überkommen; überwältigen,,,,
Übersetzer,Übersetzerin bzw. Übersetzer,,,,
Verkäufern,Angestellten,,,,
Vermittler,Mittelsleute,Mittelsperson,Vermittlerin bzw. Vermittler,,
Verwandter,Familienmitglied,,,,
Zuarbeiter,Zuarbeiterin bzw. Zuarbeiter,,,,
Absolvent,Absolventin und Absolvent,,,,
Apotheker,Apothekerin bzw. Apotheker,Apothekerin und Apotheker,,,
Architekt,Architektin und Architekt,,,,
Arztbrief,Entlassungsbrief; (ärztlicher) Befundbericht,,,,
Assistent,Assistentin bzw. Assistent,Assistentin und Assistent,Assistenz,,
Astrologe,Astrologin und Astrologe,,,,
Bauwerber,Bauwerberin und Bauwerber,,,,
Begleiter,Begleiterin und Begleiter,,,,
Beifahrer,Beifahrerin und Beifahrer,,,,
Beisitzer,Beisitzerin und Beisitzer,Beisitzende,,,
Bildhauer,Bildhauerin und Bildhauer,,,,
Bregenzer,Bregenzerin bzw. Bregenzer,,,,
Chauffeur,Chauffeurin bzw. Chauffeur,,,,
Chefsache,Sache mit oberster Priorität,,,,
Dezernent,Dezernentin bzw. Dezernent,,,,
Diätologe,Diätologin bzw. Diätologe,,,,
Drechsler,Drechslerin bzw. Drechsler,,,,
Ehegatten,Eheleute,Ehepaar,,,
Einwohner,Einwohnerin und Einwohner,Population,Wohnbevölkerung,,
Eisläufer,Eisläuferin bzw. Eisläufer,,,,
Empfänger,bestimmt für,Empfängerin bzw. Empfänger,empfangen von,,
Evaluator,Evaluatorin bzw. Evaluator,,,,
Fleischer,Fleischerin und Fleischer,,,,
Fluglotse,Fluglotsin bzw. Fluglotse,,,,
Friseurin,Friseurin bzw. Friseur,,,,
Fußgänger,zu Fuß Gehende,,,,
Gasthörer,Studierende im Gaststudium,,,,
Geldgeber,Geldgebende,,,,
Gutachter,Sachverständige,,,,
herrenlos,verlassen; nicht zuordnen; unbeaufsichtigt,,,,
Herrscher,Staatsoberhaupt,,,,
Hilfskoch,Hilfsköchin bzw. -koch,,,,
Ingenieur,Ingenieurin bzw. Ingenieur,,,,
Inspektor,Inspektorin bzw. Inspektor,,,,
Intendant,Intendantin bzw. Intendant,Intendanz,,,
jedermann,alle,,,,
Kartograf,Kartografin bzw. Kartograf,,,,
Kommissar,Kommissarin bzw. Kommissar,,,,
Komponist,Komponistin bzw. Komponist,,,,
Konsument,Konsumentin bzw. Konsument,,,,
Kürschner,Kürschnerin bzw. Kürschner,,,,
Landsmann,Landsfrau bzw. -mann,,,,
Lieferant,Lieferantin bzw. Lieferant,,,,
Logopädin,Logopädin bzw. Logopäde,,,,
Lokführer,Lokführerin bzw. Lokführer,,,,
Mannjahre,Personenjahre,,,,
Mediziner,Medizinerin bzw. Mediziner,,,,
Mitbürger,Mitbürgerin bzw. Mitbürger,,,,
Moderator,Moderatorin bzw. Moderator,Moderation,,,
Politiker,Politikerin bzw. Politiker,,,,
Präsident,Präsidentin bzw. Präsident,,,,
Professor,Professorin und Professor,,,,
Radfahrer,Radfahrerin bzw. Radfahrer,,,,
Redakteur,Redakteurin bzw. Redakteur,,,,
Regisseur,Regisseurin bzw. Regisseur,,,,
Sanitäter,Sanitäterin bzw. Sanitäter,,,,
Satiriker,Satirikerin bzw. Satiriker,,,,
Schaffner,Schaffnerin bzw. Schaffner,,,,
Schlosser,Schlosserin bzw. Schlosser,,,,
Schneider,Schneiderin bzw. Schneider,,,,
Schreiber,Schreiberin bzw. Schreiber,,,,
Schulwart,Schulwartin bzw. Schulwart,,,,
Seefahrer,Seeleute,,,,
Sommelier,Sommelière bzw. Sommelier,,,,
Souffleur,Souffleuse bzw. Souffleur,,,,
Soziologe,Soziologin bzw. Soziologe,,,,
Sponsoren,Sponsoring,,,,
Steinmetz,Steinmetzin bzw. Steinmetz,,,,
Studenten,Studierende,,,,
Teilhaber,Teilhaberin bzw. Teilhaber,Vertragspartei,,,
Therapeut,Therapeutin bzw. Therapeut,,,,
Uhrmacher,Uhrmacherin bzw. Uhrmacher,,,,
unbemannt,maschinengesteuert; ferngesteuert,,,,
Vaterland,Heimatland; Geburtsland,,,,
Verfasser,Verfasserin bzw. Verfasser,verfasst von,,,
Verkäufer,Verkäuferin bzw. Verkäufer,Verkaufspersonal,,,
Verteiler,Verteilschlüssel,,,,
Vertreter,vertreten durch,Vertretung,,,
Verwalter,Verwalterin und Verwalter,,,,
Zuschauer,Zuschauerin bzw. Zuschauer,Publikum,,,
Abnehmer,Abnehmerin und Abnehmer,,,,
Abonnent,Abonnentin und Abonnent,,,,
Absender,gesendet von,Absenderin bzw. Absender,,,
Adressat,beauftragte Firma,,,,
Amtsarzt,Amtsärztin und Amtsarzt,,,,
Anbieter,Anbietende,,,,
Anhänger,Anhängerin bzw. Anhänger,,,,
Anrainer,Anrainerin bzw. Anrainer,,,,
Anwärter,Anwärterin und Anwärter,,,,
Anwender,Anwenderin und Anwender,,,,
Anwerber,Anwerberin und Anwerber,,,,
Anwohner,Anwohnende,Nachbarschaft,Anwohnerin bzw. Anwohner,,
Arbeiter,Arbeiterin bzw. Arbeiter,,,,
Archivar,Archivarin bzw. Archivar,,,,
Astronom,Astronomin und Astronom,,,,
Aufseher,Aufseherin bzw. Aufseher,,,,
Bachelor,Bachelorandin bzw. Bachelor,,,,
Benutzer,Benutzerin und Benutzer,Benutzer*in,,,
Besitzer,im Besitz von,Besitzerin bzw. Besitzer,,,
Besucher,Besucherin bzw. Besucher,,,,
Betreuer,Betreuerin bzw. Betreuer,Betreuungsperson,,,
Bewerber,Bewerberin bzw. Bewerber,,,,
Bewohner,Bewohnerin bzw. Bewohner,,,,
Chemiker,Chemikerin bzw. Chemiker,Chemikerin und Chemiker,,,
Coiffeur,Coiffeuse bzw. Coiffeur,,,,
Direktor,Direktorin bzw. Direktor,,,,
Dirigent,Dirigentin bzw. Dirigent,,,,
Ehegatte,Ehefrau bzw. Ehemann,Ehegattin bzw. Ehegatte,,,
Erzieher,Erzieherin bzw. Erzieher,,,,
Europäer,Europäerin bzw. Europäer,,,,
Facharzt,Fachärztin bzw. Facharzt,,,,
Fachmann,Fachfrau bzw. Fachmann,Fachkraft,Fachleute,,
Fährmann,Fährfrau bzw. Fährmann,,,,
Forscher,Forscherin bzw. Forscher,,,,
Gewinner,Gewinnerin bzw. Gewinner,,,,
Grafiker,Grafikerin bzw. Grafiker,,,,
Hausfrau,Hausfrau bzw. Hausmann,,,,
Hebammen,Hebammen,,,,
Kärntner,Kärntnerin bzw. Kärntner,,,,
Katholik,Katholikin bzw. Katholik,,,,
Kaufmann,Kauffrau bzw. Kaufmann,,,,
Konditor,Konditorin bzw. Konditor,,,,
Kritiker,kritische Stimmen,,,,
Künstler,Künstlerin bzw. Künstler,,,,
Laborant,Laborantin bzw. Laborant,Laborfachkraft,,,
Lehrling,weiblicher bzw. männlicher Lehrling,,,,
Logopäde,Logopädin bzw. Logopäde,,,,
Magister,Magistra bzw. Magister,,,,
Mandatar,Mandatarin bzw. Mandatar,,,,
Mannjahr,Personenjahr,,,,
Manntage,Personentage,,,,
Maturant,Maturantin bzw. Maturant,,,,
Minister,Ministerin bzw. Minister,,,,
Oberarzt,Oberärztin bzw. -arzt,,,,
Operator,Operatorin bzw. Operator,,,,
Organist,Organistin bzw. Organist,,,,
Pädagoge,Pädagogin bzw. Pädagoge,,,,
Physiker,Physikerin bzw. Physiker,,,,
Polizist,Polizistin bzw. Polizist,,,,
Putzfrau,Putzfrau bzw. Putzmann,Reinigungspersonal,,,
Referent,bearbeitet von,Referent*in,Referentin bzw. Referet,,
Schuster,Schusterin bzw. Schuster,,,,
Sekretär,Sekretärin bzw. Sekretär,,,,
Speakern,Speakerin bzw. Speakern,,,,
Spengler,Spenglerin bzw. Spengler,,,,
Sportler,Sportlerin bzw. Sportler,,,,
Sprecher,Sprecherin bzw. Sprecher,,,,
Springer,Springerin bzw. Springer,,,,
Stadtrat,Stadträtin bzw. Stadtrat,,,,
Statiker,Statikerin bzw. Statiker,,,,
Tierarzt,Tierärztin bzw. Tierarzt,,,,
Tischler,Tischlerin bzw. Tischler,,,,
Vorstand,Vorständin bzw. Vorstand,,,,
Zahnarzt,Zahnärztin bzw. Zahnarzt,,,,
Amtsrat,Amtsrätin bzw. Amtsrat,,,,
Analyst,Analystin bzw. Analyst,,,,
Anleger,Anlegerin und Anleger,,,,
Anrufer,angerufen hat,Anruf von,Anruferin und Anrufer,,
Bauherr,Bauherrin bzw. Bauherr,,,,
Beamter,Beamtin bzw. Beamter,,,,
bemannt,besetzt mit,,,,
Berater,Beraterin bzw. Berater,Beratung,es berät Sie,Sie werden beraten von,
Biologe,Biologin und Biologe,,,,
Bischof,Bischöfin bzw. Bischof,,,,
Chirurg,Chirurgin bzw. Chirurg,,,,
Dentist,Dentistin bzw. Dentist,,,,
Experte,Fachleute,,,,
Fischer,Fischerin bzw. Fischer,,,,
Förster,Försterin bzw. Förster,,,,
Friseur,Friseurin bzw. Friseur,,,,
Gärtner,Gärtnerin bzw. Gärtner,,,,
Genosse,Genossin bzw. Genosse,,,,
Gründer,Gründerin bzw. Gründer,,,,
Hebamme,Hebamme,,,,
Inhaber,Inhaberin bzw. Inhaber,,,,
Kapitän,Kapitänin bzw. Kapitän,,,,
Kassier,Kassierin bzw. Kassier,,,,
Kellner,Kellnerin bzw. Kellner,,,,
Kollege,Kollegin bzw. Kollege,,,,
Kurator,Kuratorin bzw. Kurator,,,,
Manager,Führungskraft,Führungskräfte,Managerin bzw. Manager,,
Masseur,Masseurin bzw. Masseur,,,,
Meister,Meisterin bzw. Meister,Fachleute,Genie,Kapazität,
Migrant,Person mit Mitgrationshintergrund,,,,
Monteur,Monteurin bzw. Monteur,,,,
Musiker,Musikerin bzw. Musiker,,,,
Nachbar,Nachbarin bzw. Nachbar,Nachbarschaft,,,
Partner,beteiligte Institutionen,Partei,Vertragspartei,,
Passant,Passantin bzw. Passant,,,,
Patient,Patient*in,,,,
Pfleger,Pflegerin bzw. Pfleger,,,,
Portier,Portierin bzw. Portier,,,,
Proband,Probandin bzw. Proband,,,,
Raucher,Raucherin bzw. Raucher,,,,
Revisor,Revisorin bzw. Revisor,,,,
Richter,Richterin bzw. Richter,,,,
Sattler,Sattlerin bzw. Sattler,,,,
Schüler,Schülerin bzw. Schüler,,,,
Siedler,Siedlerin bzw. Siedler,,,,
Speaker,Speakerin bzw. Speaker,Speakerinnnen bzw. Speaker,,,
Spieler,Spielerin bzw. Spieler,,,,
Sponsor,Sponsorin bzw. Sponsor,,,,
Steirer,Steirerin bzw. Steirer,,,,
Student,Studentin bzw. Student,,,,
Tiroler,Tirolerin bzw. Tiroler,,,,
Trainer,Trainerin bzw. Trainer,,,,
Trinker,Trinkerin bzw. Trinker,,,,
Urologe,Urologin bzw. Urologe,,,,
Vormund,Vormundin bzw. Vormund,Vormundschaft,,,
Wächter,Wache,,,,
Züchter,Züchterin bzw. Züchter,,,,
Zuhörer,Auditorium,Publikum,Zuhörende,Zuhörerin bzw. Zuhörer,
Akteur,Akteurin und Akteur,,,,
Anwalt,Anwalt und Anwältin,Rechtsvertretung,,,
Ärzten,Ärzteschaft,,,,
Athlet,Athletin und Athlet,,,,
Bäcker,Bäckerin und Bäcker,,,,
Brauer,Brauerin bzw. Brauer,,,,
Bürger,Bürgerin bzw. Bürger,Bevölkerung,,,
Dekane,Dekanate,,,,
Doktor,Doktorin bzw. Doktor,,,,
Dozent,Dozentin bzw. Dozent,,,,
Dreher,Dreherin bzw. Dreher,,,,
Fahrer,Fahrerin bzw. Fahrer,,,,
Fiaker,Fiakerin bzw. Fiaker,,,,
Frisör,Frisörin bzw. Frisör,,,,
Führer,Führerin und Führer,,,,
Gerber,Gerberin bzw. Gerber,,,,
Gießer,Gießerin bzw. Gießer,,,,
Glaser,Glaserin und Glaser,,,,
Grazer,Grazerin bzw. Grazer,,,,
Hacker,Hackerin bzw. Hacker,,,,
Heizer,Heizerin bzw. Heizer,,,,
Jurist,Juristin bzw. Jurist,,,,
Käufer,Käuferin bzw. Käufer,,,,
Kustos,Kustodin bzw. Kustos,,,,
Lehrer,Lehrerin bzw. Lehrer,,,,
Leiter,Leiterin bzw. Leiter,Leitung,,,
Lektor,Lektorin und Lektor,,,,
Lenker,Lenkerin bzw. Lenker,,,,
Linzer,Linzerin bzw. Linzer,,,,
Makler,Maklerin bzw.  Makler,,,,
Master,Masterin bzw. Master,,,,
Maurer,Maurerin bzw. Maurer,,,,
Mieter,Mieterin bzw. Mieter,,,,
Oberin,Oberin bzw. Pflegevorsteher,,,,
Planer,Planerin bzw. Planer,,,,
Prüfer,Prüferin bzw. Prüfer,,,,
Redner,Rednerin bzw. Redner,,,,
Reiter,Reiterin bzw. Reiter,,,,
Rektor,Rektorat,Rektorin bzw. Rektor,,,
Segler,Seglerin bzw. Segler,,,,
Sender,gesendet von,,,,
Senner,Sennerin bzw. Senner,,,,
Soldat,Soldatin bzw. Soldat,,,,
Tester,Testerin bzw. Tester,,,,
Töpfer,Töpferin bzw. Töpfer,,,,
Wähler,Wahlberechtigte,,,,
Wiener,Wienerin bzw. Wiener,,,,
Winzer,Winzerin bzw. Winzer,,,,
Agent,Agentin und Agent,,,,
Ärzte,Ärzteschaft,,,,
Autor,Autorin und Autor,,,,
Bauer,Bäuerin und Bauer,,,,
Clown,Clownin bzw. Clown,,,,
Dekan,Dekanin bzw. Dekan,,,,
Hörer,Hörerin bzw. Hörer,,,,
jeder,alle,,,,
Kunde,Kundschaft,,,,
Lotse,Lotsin bzw. Lotse,,,,
Maler,Malerin bzw. Maler,,,,
Näher,Näherin bzw. Näher,,,,
Notar,Notarin bzw. Notar,,,,
Pilot,Pilotin bzw. Pilot,,,,
Seher,Seherin bzw. Seher,,,,
Täter,Täterin bzw. Täter,,,,
Weber,Weberin bzw. Weber,,,,
Zeuge,Zeugin bzw. Zeuge,,,,
Arzt,Ärztin bzw. Arzt,,,,
Chef,Chefin bzw. Chef,,,,
Erbe,Erbberechtigte,Erbin bzw. Erbe,,,
Gast,Eingeladene,Gästin bzw. Gast,,,
Koch,Köchin bzw. Koch,,,,
Star,Berühmtheit,,,,
User,Userin bzw. User,,,,
DJ,DJane bzw. DJ,,,,
