Abenteurer,Abenteurer*innen,
Abenteureren,Abenteurer*innen,
Abiturient,Abiturient*innen,
Abiturienten,Abiturient*innen,
Abnehmer,Abnehmer*innen,
Abnehmeren,Abnehmer*innen,
Abonnent,Abonnent*innen,
Abonnenten,Abonnent*innen,
Absender,Absender*innen,
Absenderen,Absender*innen,
Absolvent,Absolvent*innen,
Absolventen,Absolvent*innen,
Abteilungsleiter,Abteilungsleiter*innen,
Abteilungsleiteren,Abteilungsleiter*innen,
Abtreibungsgegner,Abtreibungsgegner*innen,
Abtreibungsgegneren,Abtreibungsgegner*innen,
Adbuster,Adbuster*innen,
Adbusteren,Adbuster*innen,
Adressat,Adressat*innen,
Adressaten,Adressat*innen,
Afghan,Afghan*innen,
Afghanen,Afghan*innen,
Afrikaner,Afrikaner*innen,
Afrikaneren,Afrikaner*innen,
Afroamerikaner,Afroamerikaner*innen,
Afroamerikaneren,Afroamerikaner*innen,
Agent,Agent*innen,
Agenten,Agent*innen,
Akademiker,Akademiker*innen,
Akademikeren,Akademiker*innen,
Akteur,Akteur*innen,
Akteuren,Akteur*innen,
Aktionär,Aktionär*innen,
Aktionären,Aktionär*innen,
Aktivist,Aktivist*innen,
Aktivisten,Aktivist*innen,Aktivisten*innen
Aktivst,Aktivst*innen,
Aktivsten,Aktivst*innen,
Albaner,Albaner*innen,
Albaneren,Albaner*innen,
Alevit,Alevit*innen,
Aleviten,Alevit*innen,
Algerier,Algerier*innen,
Algerieren,Algerier*innen,
Allergiker,Allergiker*innen,
Allergikeren,Allergiker*innen,
Altonaer,Altonaer*innen,
Altonaeren,Altonaer*innen,
Amerikaner,Amerikaner*innen,
Amerikaneren,Amerikaner*innen,
Amtsinhaber,Amtsinhaber*innen,
Amtsinhaberen,Amtsinhaber*innen,
Amtskolleg,Amtskolleg*innen,
Amtskollegen,Amtskolleg*innen,
Amtsträger,Amtsträger*innen,
Amtsträgeren,Amtsträger*innen,
Analyst,Analyst*innen,
Analysten,Analyst*innen,
Anarchist,Anarchist*innen,
Anarchisten,Anarchist*innen,
Anbieter,Anbieter*innen,
Anbieteren,Anbieter*innen,
Anfänger,Anfänger*innen,
Anfängeren,Anfänger*innen,
Angler,Angler*innen,
Angleren,Angler*innen,
Angreifer,Angreifer*innen,
Angreiferen,Angreifer*innen,
Anhänger,Anhänger*innen,
Anhängeren,Anhänger*innen,
Ankläger,Ankläger*innen,
Anklägeren,Ankläger*innen,
Anleger,Anleger*innen,
Anlegeren,Anleger*innen,
Anlieger,Anlieger*innen,
Anliegeren,Anlieger*innen,
Anmelder,Anmelder*innen,
Anmelderen,Anmelder*innen,
Ansprechpartner,Ansprechpartner*innen,
Ansprechpartneren,Ansprechpartner*innen,
Antifaschist,Antifaschist*innen,
Antifaschisten,Antifaschist*innen,
Antirassist,Antirassist*innen,
Antirassisten,Antirassist*innen,
Antisemit,Antisemit*innen,
Antisemiten,Antisemit*innen,
Antragsteller,Antragsteller*innen,
Antragstelleren,Antragsteller*innen,
Anwält,Anwält*innen,
Anwälten,Anwält*innen,
Anwärter,Anwärter*innen,
Anwärteren,Anwärter*innen,
Anwender,Anwender*innen,
Anwenderen,Anwender*innen,
Anwohner,Anwohner*innen,
Anwohneren,Anwohner*innen,
Apotheker,Apotheker*innen,
Apothekeren,Apotheker*innen,
Arbeiter,Arbeiter*innen,
Arbeiteren,Arbeiter*innen,
Arbeitgeber,Arbeitgeber*innen,
Arbeitgeberen,Arbeitgeber*innen,
Arbeitnehmer,Arbeitnehmer*innen,
Arbeitnehmeren,Arbeitnehmer*innen,
Arbeitnehmervertreter,Arbeitnehmervertreter*innen,
Arbeitnehmervertreteren,Arbeitnehmervertreter*innen,
Arbeitskolleg,Arbeitskolleg*innen,
Arbeitskollegen,Arbeitskolleg*innen,
Arbeitsmigrant,Arbeitsmigrant*innen,
Arbeitsmigranten,Arbeitsmigrant*innen,
Architekt,Architekt*innen,
Architekten,Architekt*innen,
Argentinier,Argentinier*innen,
Argentinieren,Argentinier*innen,
Armenier,Armenier*innen,
Armenieren,Armenier*innen,
Artgenoss,Artgenoss*innen,
Artgenossen,Artgenoss*innen,
Artist,Artist*innen,
Artisten,Artist*innen,
Ärzt,Ärzt*innen,
Ärzten,Ärzt*innen,
Asiat,Asiat*innen,
Asiaten,Asiat*innen,
Assistent,Assistent*innen,
Assistenten,Assistent*innen,
Astronaut,Astronaut*innen,
Astronauten,Astronaut*innen,
Astronom,Astronom*innen,
Astronomen,Astronom*innen,
Asylbewerber,Asylbewerber*innen,
Asylbewerberen,Asylbewerber*innen,
Atheist,Atheist*innen,
Atheisten,Atheist*innen,
Athlet,Athlet*innen,
Athleten,Athlet*innen,Athleten*innen
Athletenen,Athleten*innen,
Atomkraftgegner,Atomkraftgegner*innen,
Atomkraftgegneren,Atomkraftgegner*innen,
Ausbilder,Ausbilder*innen,
Ausbilderen,Ausbilder*innen,
Ausdauersportler,Ausdauersportler*innen,
Ausdauersportleren,Ausdauersportler*innen,
Ausflügler,Ausflügler*innen,
Ausflügleren,Ausflügler*innen,
Ausländer,Ausländer*innen,
Ausländeren,Ausländer*innen,
Auslandskorrespondent,Auslandskorrespondent*innen,
Auslandskorrespondenten,Auslandskorrespondent*innen,
Aussteiger,Aussteiger*innen,
Aussteigeren,Aussteiger*innen,
Aussteller,Aussteller*innen,
Ausstelleren,Aussteller*innen,
Auswanderer,Auswanderer*innen,
Auswandereren,Auswanderer*innen,
Autobesitzer,Autobesitzer*innen,
Autobesitzeren,Autobesitzer*innen,
Autofahrer,Autofahrer*innen,
Autofahreren,Autofahrer*innen,
Autor,Autor*innen,
Autoren,Autor*innen,Autoren*innen
Bademeister,Bademeister*innen,
Bademeisteren,Bademeister*innen,
Bahnfahrer,Bahnfahrer*innen,
Bahnfahreren,Bahnfahrer*innen,
Bahnpendler,Bahnpendler*innen,
Bahnpendleren,Bahnpendler*innen,
Barkeeper,Barkeeper*innen,
Barkeeperen,Barkeeper*innen,
Bauarbeiter,Bauarbeiter*innen,
Bauarbeiteren,Bauarbeiter*innen,
Bäuer,Bäuer*innen,
Bäueren,Bäuer*innen,
Bauingenieur,Bauingenieur*innen,
Bauingenieuren,Bauingenieur*innen,
Baumpirat,Baumpirat*innen,
Baumpiraten,Baumpirat*innen,
Bayer,Bayer*innen,
Bayeren,Bayer*innen,
Beamt,Beamt*innen,
Beamten,Beamt*innen,Beamten*innen
Befürworter,Befürworter*innen,
Befürworteren,Befürworter*innen,
Begleiter,Begleiter*innen,
Begleiteren,Begleiter*innen,
Behördenmitarbeiter,Behördenmitarbeiter*innen,
Behördenmitarbeiteren,Behördenmitarbeiter*innen,
Beiträger,Beiträger*innen,
Beiträgeren,Beiträger*innen,
Beitragszahler,Beitragszahler*innen,
Beitragszahleren,Beitragszahler*innen,
Belaruss,Belaruss*innen,
Belarussen,Belaruss*innen,
Beobachter,Beobachter*innen,
Beobachteren,Beobachter*innen,
Berater,Berater*innen,
Berateren,Berater*innen,
Berichterstatter,Berichterstatter*innen,
Berichterstatteren,Berichterstatter*innen,
Berliner,Berliner*innen,
Berlineren,Berliner*innen,
Berufspendler,Berufspendler*innen,
Berufspendleren,Berufspendler*innen,
Berufspolitiker,Berufspolitiker*innen,
Berufspolitikeren,Berufspolitiker*innen,
Berufsrichter,Berufsrichter*innen,
Berufsrichteren,Berufsrichter*innen,
Berufsschüler,Berufsschüler*innen,
Berufsschüleren,Berufsschüler*innen,
Besetzer,Besetzer*innen,
Besetzeren,Besetzer*innen,
Besitzer,Besitzer*innen,
Besitzeren,Besitzer*innen,
Bestatter,Bestatter*innen,
Bestatteren,Bestatter*innen,
Besucher,Besucher*innen,
Besucheren,Besucher*innen,
Betrachter,Betrachter*innen,
Betrachteren,Betrachter*innen,
Betreiber,Betreiber*innen,
Betreiberen,Betreiber*innen,
Betreuer,Betreuer*innen,
Betreueren,Betreuer*innen,
Betrüger,Betrüger*innen,
Betrügeren,Betrüger*innen,
Bewahrer,Bewahrer*innen,
Bewahreren,Bewahrer*innen,
Bewerber,Bewerber*innen,
Bewerberen,Bewerber*innen,
Bewohner,Bewohner*innen,
Bewohneren,Bewohner*innen,
Bezirksvertreter,Bezirksvertreter*innen,
Bezirksvertreteren,Bezirksvertreter*innen,
Bildhauer,Bildhauer*innen,
Bildhaueren,Bildhauer*innen,
Bildungsforscher,Bildungsforscher*innen,
Bildungsforscheren,Bildungsforscher*innen,
Bildungsminister,Bildungsminister*innen,
Bildungsministeren,Bildungsminister*innen,
Bildungspolitiker,Bildungspolitiker*innen,
Bildungspolitikeren,Bildungspolitiker*innen,
Bildungsverlierer,Bildungsverlierer*innen,
Bildungsverliereren,Bildungsverlierer*innen,
Biolog,Biolog*innen,
Biologen,Biolog*innen,
Blockierer,Blockierer*innen,
Blockiereren,Blockierer*innen,
Blogger,Blogger*innen,
Bloggeren,Blogger*innen,
Booker,Booker*innen,
Bookeren,Booker*innen,
Branchenvertreter,Branchenvertreter*innen,
Branchenvertreteren,Branchenvertreter*innen,
Brandenburger,Brandenburger*innen,
Brandenburgeren,Brandenburger*innen,
Brandstifter,Brandstifter*innen,
Brandstifteren,Brandstifter*innen,
Brasilianer,Brasilianer*innen,
Brasilianeren,Brasilianer*innen,
Bremer,Bremer*innen,
Bremeren,Bremer*innen,
Bremerhavener,Bremerhavener*innen,
Bremerhaveneren,Bremerhavener*innen,
Briefschreiber,Briefschreiber*innen,
Briefschreiberen,Briefschreiber*innen,
Brit,Brit*innen,
Briten,Brit*innen,
Buchhalter,Buchhalter*innen,
Buchhalteren,Buchhalter*innen,
Buchhändler,Buchhändler*innen,
Buchhändleren,Buchhändler*innen,
Bühnenarbeiter,Bühnenarbeiter*innen,
Bühnenarbeiteren,Bühnenarbeiter*innen,
Bühnenkünstler,Bühnenkünstler*innen,
Bühnenkünstleren,Bühnenkünstler*innen,
Bulgar,Bulgar*innen,
Bulgaren,Bulgar*innen,
Bundesbürger,Bundesbürger*innen,
Bundesbürgeren,Bundesbürger*innen,
Bundespolitiker,Bundespolitiker*innen,
Bundespolitikeren,Bundespolitiker*innen,
Bündnispartner,Bündnispartner*innen,
Bündnispartneren,Bündnispartner*innen,
Bürger,Bürger*innen,
Bürgeren,Bürger*innen,
Bürgermeister,Bürgermeister*innen,
Bürgermeisteren,Bürgermeister*innen,
Bürgerrechtler,Bürgerrechtler*innen,
Bürgerrechtleren,Bürgerrechtler*innen,
Busfahrer,Busfahrer*innen,
Busfahreren,Busfahrer*innen,
Campbewohner,Campbewohner*innen,
Campbewohneren,Campbewohner*innen,
Camper,Camper*innen,
Camperen,Camper*innen,
Chef,Chef*innen,
Chefen,Chef*innen,
Chines,Chines*innen,
Chinesen,Chines*innen,
Choreograf,Choreograf*innen,
Choreografen,Choreograf*innen,
Christ,Christ*innen,
Christen,Christ*innen,
Christdemokrat,Christdemokrat*innen,
Christdemokraten,Christdemokrat*innen,
Cineast,Cineast*innen,
Cineasten,Cineast*innen,
Clubbetreiber,Clubbetreiber*innen,
Clubbetreiberen,Clubbetreiber*innen,
Clubgänger,Clubgänger*innen,
Clubgängeren,Clubgänger*innen,
Coronaleugner,Coronaleugner*innen,
Coronaleugneren,Coronaleugner*innen,
Coronapatient,Coronapatient*innen,
Coronapatienten,Coronapatient*innen,
Coronaskeptiker,Coronaskeptiker*innen,
Coronaskeptikeren,Coronaskeptiker*innen,
Crowdworker,Crowdworker*innen,
Crowdworkeren,Crowdworker*innen,
Darsteller,Darsteller*innen,
Darstelleren,Darsteller*innen,
Datenschützer,Datenschützer*innen,
Datenschützeren,Datenschützer*innen,
Dealer,Dealer*innen,
Dealeren,Dealer*innen,
Demokrat,Demokrat*innen,
Demokraten,Demokrat*innen,
Demokratieaktivist,Demokratieaktivist*innen,
Demokratieaktivisten,Demokratieaktivist*innen,
Demonstrant,Demonstrant*innen,
Demonstranten,Demonstrant*innen,Demonstranten*innen
Demonstrationsteilnehmer,Demonstrationsteilnehmer*innen,
Demonstrationsteilnehmeren,Demonstrationsteilnehmer*innen,
Denker,Denker*innen,
Denkeren,Denker*innen,
Designer,Designer*innen,
Designeren,Designer*innen,
Deutschtürk,Deutschtürk*innen,
Deutschtürken,Deutschtürk*innen,
Dezernent,Dezernent*innen,
Dezernenten,Dezernent*innen,
Diabetiker,Diabetiker*innen,
Diabetikeren,Diabetiker*innen,
Digitalarbeiter,Digitalarbeiter*innen,
Digitalarbeiteren,Digitalarbeiter*innen,
Diplomat,Diplomat*innen,
Diplomaten,Diplomat*innen,
Direktkandidat,Direktkandidat*innen,
Direktkandidaten,Direktkandidat*innen,
Direktor,Direktor*innen,
Direktoren,Direktor*innen,
Diskutant,Diskutant*innen,
Diskutanten,Diskutant*innen,
Doktorand,Doktorand*innen,
Doktoranden,Doktorand*innen,
Dolmetscher,Dolmetscher*innen,
Dolmetscheren,Dolmetscher*innen,
Dorfbewohner,Dorfbewohner*innen,
Dorfbewohneren,Dorfbewohner*innen,
Dortmunder,Dortmunder*innen,
Dortmunderen,Dortmunder*innen,
Dozent,Dozent*innen,
Dozenten,Dozent*innen,Dozenten*innen
Dramatiker,Dramatiker*innen,
Dramatikeren,Dramatiker*innen,
Drehbuchautor,Drehbuchautor*innen,
Drehbuchautoren,Drehbuchautor*innen,
Drittklässler,Drittklässler*innen,
Drittklässleren,Drittklässler*innen,
Ehepartner,Ehepartner*innen,
Ehepartneren,Ehepartner*innen,
Ehrenamtler,Ehrenamtler*innen,
Ehrenamtleren,Ehrenamtler*innen,
Eigentümer,Eigentümer*innen,
Eigentümeren,Eigentümer*innen,
Eigner,Eigner*innen,
Eigneren,Eigner*innen,
Einkäufer,Einkäufer*innen,
Einkäuferen,Einkäufer*innen,
Einwander,Einwander*innen,
Einwanderen,Einwander*innen,
Einwanderer,Einwanderer*innen,
Einwandereren,Einwanderer*innen,
Einwohner,Einwohner*innen,
Einwohneren,Einwohner*innen,
Einzelhändler,Einzelhändler*innen,
Einzelhändleren,Einzelhändler*innen,
Elektriker,Elektriker*innen,
Elektrikeren,Elektriker*innen,
Elektroniker,Elektroniker*innen,
Elektronikeren,Elektroniker*innen,
Elftklässler,Elftklässler*innen,
Elftklässleren,Elftklässler*innen,
Elternvertreter,Elternvertreter*innen,
Elternvertreteren,Elternvertreter*innen,
Empfänger,Empfänger*innen,
Empfängeren,Empfänger*innen,
Enkel,Enkel*innen,
Enkelen,Enkel*innen,
Entertainer,Entertainer*innen,
Entertaineren,Entertainer*innen,
Entscheider,Entscheider*innen,
Entscheideren,Entscheider*innen,
Entscheidungsträger,Entscheidungsträger*innen,
Entscheidungsträgeren,Entscheidungsträger*innen,
Entwickler,Entwickler*innen,
Entwickleren,Entwickler*innen,
Epidemiolog,Epidemiolog*innen,
Epidemiologen,Epidemiolog*innen,
Erdenbewohner,Erdenbewohner*innen,
Erdenbewohneren,Erdenbewohner*innen,
Erfurter,Erfurter*innen,
Erfurteren,Erfurter*innen,
Ermittler,Ermittler*innen,
Ermittleren,Ermittler*innen,
Erntehelfer,Erntehelfer*innen,
Erntehelferen,Erntehelfer*innen,
Erstklässler,Erstklässler*innen,
Erstklässleren,Erstklässler*innen,
Erstwähler,Erstwähler*innen,
Erstwähleren,Erstwähler*innen,
Erzähler,Erzähler*innen,
Erzähleren,Erzähler*innen,
Erzeuger,Erzeuger*innen,
Erzeugeren,Erzeuger*innen,
Erzieher,Erzieher*innen,
Erzieheren,Erzieher*innen,
Esoteriker,Esoteriker*innen,
Esoterikeren,Esoteriker*innen,
Ethiker,Ethiker*innen,
Ethikeren,Ethiker*innen,
Ethnolog,Ethnolog*innen,
Ethnologen,Ethnolog*innen,
Europäer,Europäer*innen,
Europäeren,Europäer*innen,
Expert,Expert*innen,
Experten,Expert*innen,Experten*innen
Fabrikarbeiter,Fabrikarbeiter*innen,
Fabrikarbeiteren,Fabrikarbeiter*innen,
Facharbeiter,Facharbeiter*innen,
Facharbeiteren,Facharbeiter*innen,
Fachärzt,Fachärzt*innen,
Fachärzten,Fachärzt*innen,
Fachjournalist,Fachjournalist*innen,
Fachjournalisten,Fachjournalist*innen,
Fachkolleg,Fachkolleg*innen,
Fachkollegen,Fachkolleg*innen,
Fachmediziner,Fachmediziner*innen,
Fachmedizineren,Fachmediziner*innen,
Fachpolitiker,Fachpolitiker*innen,
Fachpolitikeren,Fachpolitiker*innen,
Fahnder,Fahnder*innen,
Fahnderen,Fahnder*innen,
Fahrer,Fahrer*innen,
Fahreren,Fahrer*innen,
Fahrlehrer,Fahrlehrer*innen,
Fahrlehreren,Fahrlehrer*innen,
Fahrradfahrer,Fahrradfahrer*innen,
Fahrradfahreren,Fahrradfahrer*innen,
Familienrichter,Familienrichter*innen,
Familienrichteren,Familienrichter*innen,
Faschist,Faschist*innen,
Faschisten,Faschist*innen,
Favorit,Favorit*innen,
Favoriten,Favorit*innen,
Feminist,Feminist*innen,
Feministen,Feminist*innen,
Fernsehjournalist,Fernsehjournalist*innen,
Fernsehjournalisten,Fernsehjournalist*innen,
Fernsehzuschauer,Fernsehzuschauer*innen,
Fernsehzuschaueren,Fernsehzuschauer*innen,
Filmemacher,Filmemacher*innen,
Filmemacheren,Filmemacher*innen,
Filmwissenschaftler,Filmwissenschaftler*innen,
Filmwissenschaftleren,Filmwissenschaftler*innen,
Finalist,Finalist*innen,
Finalisten,Finalist*innen,
Finanzminister,Finanzminister*innen,
Finanzministeren,Finanzminister*innen,
Fischer,Fischer*innen,
Fischeren,Fischer*innen,
Flaschensammler,Flaschensammler*innen,
Flaschensammleren,Flaschensammler*innen,
Flugbegleiter,Flugbegleiter*innen,
Flugbegleiteren,Flugbegleiter*innen,
Follower,Follower*innen,
Followeren,Follower*innen,
Förderschüler,Förderschüler*innen,
Förderschüleren,Förderschüler*innen,
Forscher,Forscher*innen,
Forscheren,Forscher*innen,
Förster,Förster*innen,
Försteren,Förster*innen,
Fotograf,Fotograf*innen,
Fotografen,Fotograf*innen,
Fotokünstler,Fotokünstler*innen,
Fotokünstleren,Fotokünstler*innen,
Französ,Französ*innen,
Französen,Französ*innen,
Frauenärzt,Frauenärzt*innen,
Frauenärzten,Frauenärzt*innen,
Frauenrechtler,Frauenrechtler*innen,
Frauenrechtleren,Frauenrechtler*innen,
Freiberufler,Freiberufler*innen,
Freiberufleren,Freiberufler*innen,
Freund,Freund*innen,
Freunden,Freund*innen,
Friedensaktivist,Friedensaktivist*innen,
Friedensaktivisten,Friedensaktivist*innen,
Friseur,Friseur*innen,
Friseuren,Friseur*innen,
Fundamentalist,Fundamentalist*innen,
Fundamentalisten,Fundamentalist*innen,
Funktionär,Funktionär*innen,
Funktionären,Funktionär*innen,
Fußgänger,Fußgänger*innen,
Fußgängeren,Fußgänger*innen,
Gamer,Gamer*innen,
Gameren,Gamer*innen,
Gärtner,Gärtner*innen,
Gärtneren,Gärtner*innen,
Gäst,Gäst*innen,
Gästen,Gäst*innen,
Gastarbeiter,Gastarbeiter*innen,
Gastarbeiteren,Gastarbeiter*innen,
Gastautor,Gastautor*innen,
Gastautoren,Gastautor*innen,
Gastgeber,Gastgeber*innen,
Gastgeberen,Gastgeber*innen,
Gastmusiker,Gastmusiker*innen,
Gastmusikeren,Gastmusiker*innen,
Gastronom,Gastronom*innen,
Gastronomen,Gastronom*innen,
Gastronomiebetreiber,Gastronomiebetreiber*innen,
Gastronomiebetreiberen,Gastronomiebetreiber*innen,
Geber,Geber*innen,
Geberen,Geber*innen,
Gefährder,Gefährder*innen,
Gefährderen,Gefährder*innen,
Gegendemonstrant,Gegendemonstrant*innen,
Gegendemonstranten,Gegendemonstrant*innen,
Gegenkandidat,Gegenkandidat*innen,
Gegenkandidaten,Gegenkandidat*innen,
Gegner,Gegner*innen,
Gegneren,Gegner*innen,
Gemeindevertreter,Gemeindevertreter*innen,
Gemeindevertreteren,Gemeindevertreter*innen,
Genoss,Genoss*innen,
Genossen,Genoss*innen,
Genossenschafter,Genossenschafter*innen,
Genossenschafteren,Genossenschafter*innen,
Gentrifizierungsgegner,Gentrifizierungsgegner*innen,
Gentrifizierungsgegneren,Gentrifizierungsgegner*innen,
Geringverdiener,Geringverdiener*innen,
Geringverdieneren,Geringverdiener*innen,
Geschäftsführer,Geschäftsführer*innen,
Geschäftsführeren,Geschäftsführer*innen,
Geschäftsinhaber,Geschäftsinhaber*innen,
Geschäftsinhaberen,Geschäftsinhaber*innen,
Geschäftspartner,Geschäftspartner*innen,
Geschäftspartneren,Geschäftspartner*innen,
Gesellschafter,Gesellschafter*innen,
Gesellschafteren,Gesellschafter*innen,
Gesprächspartner,Gesprächspartner*innen,
Gesprächspartneren,Gesprächspartner*innen,
Gestalter,Gestalter*innen,
Gestalteren,Gestalter*innen,
Gewalttäter,Gewalttäter*innen,
Gewalttäteren,Gewalttäter*innen,
Gewerkschafter,Gewerkschafter*innen,
Gewerkschafteren,Gewerkschafter*innen,
Gewerkschaftler,Gewerkschaftler*innen,
Gewerkschaftleren,Gewerkschaftler*innen,
Gewinner,Gewinner*innen,
Gewinneren,Gewinner*innen,
Globalisierungskritiker,Globalisierungskritiker*innen,
Globalisierungskritikeren,Globalisierungskritiker*innen,
Gottesdienstbesucher,Gottesdienstbesucher*innen,
Gottesdienstbesucheren,Gottesdienstbesucher*innen,
Gouverneur,Gouverneur*innen,
Gouverneuren,Gouverneur*innen,
Grafiker,Grafiker*innen,
Grafikeren,Grafiker*innen,
Grenzgänger,Grenzgänger*innen,
Grenzgängeren,Grenzgänger*innen,
Großstädter,Großstädter*innen,
Großstädteren,Großstädter*innen,
Grundeigentümer,Grundeigentümer*innen,
Grundeigentümeren,Grundeigentümer*innen,
Gründer,Gründer*innen,
Gründeren,Gründer*innen,
Grundschüler,Grundschüler*innen,
Grundschüleren,Grundschüler*innen,
Grundschullehrer,Grundschullehrer*innen,
Grundschullehreren,Grundschullehrer*innen,
Gutachter,Gutachter*innen,
Gutachteren,Gutachter*innen,
Gymnasiallehrer,Gymnasiallehrer*innen,
Gymnasiallehreren,Gymnasiallehrer*innen,
Gymnasialschüler,Gymnasialschüler*innen,
Gymnasialschüleren,Gymnasialschüler*innen,
Gymnasiast,Gymnasiast*innen,
Gymnasiasten,Gymnasiast*innen,
Gynäkolog,Gynäkolog*innen,
Gynäkologen,Gynäkolog*innen,
Hacker,Hacker*innen,
Hackeren,Hacker*innen,
Hamburger,Hamburger*innen,
Hamburgeren,Hamburger*innen,
Hanauer,Hanauer*innen,
Hanaueren,Hanauer*innen,
Händler,Händler*innen,
Händleren,Händler*innen,
Handwerker,Handwerker*innen,
Handwerkeren,Handwerker*innen,
Handynutzer,Handynutzer*innen,
Handynutzeren,Handynutzer*innen,
Hauptstädter,Hauptstädter*innen,
Hauptstädteren,Hauptstädter*innen,
Hauptstadtjournalist,Hauptstadtjournalist*innen,
Hauptstadtjournalisten,Hauptstadtjournalist*innen,
Hausärzt,Hausärzt*innen,
Hausärzten,Hausärzt*innen,
Hausbesetzer,Hausbesetzer*innen,
Hausbesetzeren,Hausbesetzer*innen,
Hausbesitzer,Hausbesitzer*innen,
Hausbesitzeren,Hausbesitzer*innen,
Hauseigentümer,Hauseigentümer*innen,
Hauseigentümeren,Hauseigentümer*innen,
Heilpädagog,Heilpädagog*innen,
Heilpädagogen,Heilpädagog*innen,
Heimbewohner,Heimbewohner*innen,
Heimbewohneren,Heimbewohner*innen,
Heimkehrer,Heimkehrer*innen,
Heimkehreren,Heimkehrer*innen,
Heimmitarbeiter,Heimmitarbeiter*innen,
Heimmitarbeiteren,Heimmitarbeiter*innen,
Held,Held*innen,
Helden,Held*innen,Helden*innen
Helfer,Helfer*innen,
Helferen,Helfer*innen,
Herausgeber,Herausgeber*innen,
Herausgeberen,Herausgeber*innen,
Historiker,Historiker*innen,
Historikeren,Historiker*innen,
Hobbymusiker,Hobbymusiker*innen,
Hobbymusikeren,Hobbymusiker*innen,
Hochschulabsolvent,Hochschulabsolvent*innen,
Hochschulabsolventen,Hochschulabsolvent*innen,
Hochschullehrer,Hochschullehrer*innen,
Hochschullehreren,Hochschullehrer*innen,
Hongkonger,Hongkonger*innen,
Hongkongeren,Hongkonger*innen,
Hörer,Hörer*innen,
Höreren,Hörer*innen,
Hotelbesitzer,Hotelbesitzer*innen,
Hotelbesitzeren,Hotelbesitzer*innen,
Hundebesitzer,Hundebesitzer*innen,
Hundebesitzeren,Hundebesitzer*innen,
Idealist,Idealist*innen,
Idealisten,Idealist*innen,
Ideolog,Ideolog*innen,
Ideologen,Ideolog*innen,
Idiot,Idiot*innen,
Idioten,Idiot*innen,
Illustrator,Illustrator*innen,
Illustratoren,Illustrator*innen,
Imker,Imker*innen,
Imkeren,Imker*innen,
Immobilienmakler,Immobilienmakler*innen,
Immobilienmakleren,Immobilienmakler*innen,
Impfgegner,Impfgegner*innen,
Impfgegneren,Impfgegner*innen,
Inder,Inder*innen,
Inderen,Inder*innen,
Indianer,Indianer*innen,
Indianeren,Indianer*innen,
Industriearbeiter,Industriearbeiter*innen,
Industriearbeiteren,Industriearbeiter*innen,
Influencer,Influencer*innen,
Influenceren,Influencer*innen,
Ingenieur,Ingenieur*innen,
Ingenieuren,Ingenieur*innen,
Inhaber,Inhaber*innen,
Inhaberen,Inhaber*innen,
Initiator,Initiator*innen,
Initiatoren,Initiator*innen,
Innenminister,Innenminister*innen,
Innenministeren,Innenminister*innen,
Insass,Insass*innen,
Insassen,Insass*innen,
Inselbewohner,Inselbewohner*innen,
Inselbewohneren,Inselbewohner*innen,
Instagrammer,Instagrammer*innen,
Instagrammeren,Instagrammer*innen,
Intendant,Intendant*innen,
Intendanten,Intendant*innen,
Intensivpatient,Intensivpatient*innen,
Intensivpatienten,Intensivpatient*innen,
Interessent,Interessent*innen,
Interessenten,Interessent*innen,
Interessenvertreter,Interessenvertreter*innen,
Interessenvertreteren,Interessenvertreter*innen,
Internetnutzer,Internetnutzer*innen,
Internetnutzeren,Internetnutzer*innen,
Interviewpartner,Interviewpartner*innen,
Interviewpartneren,Interviewpartner*innen,
Investor,Investor*innen,
Investoren,Investor*innen,
Iraner,Iraner*innen,
Iraneren,Iraner*innen,
Islamist,Islamist*innen,
Islamisten,Islamist*innen,
Italiener,Italiener*innen,
Italieneren,Italiener*innen,
Jäger,Jäger*innen,
Jägeren,Jäger*innen,
Japaner,Japaner*innen,
Japaneren,Japaner*innen,
Jazzmusiker,Jazzmusiker*innen,
Jazzmusikeren,Jazzmusiker*innen,
Jogger,Jogger*innen,
Joggeren,Jogger*innen,
Journalist,Journalist*innen,
Journalisten,Journalist*innen,Journalisten*innen
Jugendamtsmitarbeiter,Jugendamtsmitarbeiter*innen,
Jugendamtsmitarbeiteren,Jugendamtsmitarbeiter*innen,
Jungsozialist,Jungsozialist*innen,
Jungsozialisten,Jungsozialist*innen,
Jungunternehmer,Jungunternehmer*innen,
Jungunternehmeren,Jungunternehmer*innen,
Jurist,Jurist*innen,
Juristen,Jurist*innen,
Kabinettskolleg,Kabinettskolleg*innen,
Kabinettskollegen,Kabinettskolleg*innen,
Kamerad,Kamerad*innen,
Kameraden,Kamerad*innen,
Kämpfer,Kämpfer*innen,
Kämpferen,Kämpfer*innen,
Kanalarbeiter,Kanalarbeiter*innen,
Kanalarbeiteren,Kanalarbeiter*innen,
Kandidat,Kandidat*innen,
Kandidaten,Kandidat*innen,Kandidaten*innen
Kantinenmitarbeiter,Kantinenmitarbeiter*innen,
Kantinenmitarbeiteren,Kantinenmitarbeiter*innen,
Kapitalist,Kapitalist*innen,
Kapitalisten,Kapitalist*innen,
Karikaturist,Karikaturist*innen,
Karikaturisten,Karikaturist*innen,
Karnevalist,Karnevalist*innen,
Karnevalisten,Karnevalist*innen,
Kassenpatient,Kassenpatient*innen,
Kassenpatienten,Kassenpatient*innen,
Kassierer,Kassierer*innen,
Kassiereren,Kassierer*innen,
Katholik,Katholik*innen,
Katholiken,Katholik*innen,
Käufer,Käufer*innen,
Käuferen,Käufer*innen,
Kellner,Kellner*innen,
Kellneren,Kellner*innen,
Kiffer,Kiffer*innen,
Kifferen,Kiffer*innen,
Kinobetreiber,Kinobetreiber*innen,
Kinobetreiberen,Kinobetreiber*innen,
Kläger,Kläger*innen,
Klägeren,Kläger*innen,
Klassenkamerad,Klassenkamerad*innen,
Klassenkameraden,Klassenkamerad*innen,
Kleinbäuer,Kleinbäuer*innen,
Kleinbäueren,Kleinbäuer*innen,
Kleingärtner,Kleingärtner*innen,
Kleingärtneren,Kleingärtner*innen,
Kleinunternehmer,Kleinunternehmer*innen,
Kleinunternehmeren,Kleinunternehmer*innen,
Kleinverdiener,Kleinverdiener*innen,
Kleinverdieneren,Kleinverdiener*innen,
Kleinvermieter,Kleinvermieter*innen,
Kleinvermieteren,Kleinvermieter*innen,
Klient,Klient*innen,
Klienten,Klient*innen,
Klimaaktivist,Klimaaktivist*innen,
Klimaaktivisten,Klimaaktivist*innen,
Klimaexpert,Klimaexpert*innen,
Klimaexperten,Klimaexpert*innen,
Klimaforscher,Klimaforscher*innen,
Klimaforscheren,Klimaforscher*innen,
Klimaschützer,Klimaschützer*innen,
Klimaschützeren,Klimaschützer*innen,
Klimawissenschaftler,Klimawissenschaftler*innen,
Klimawissenschaftleren,Klimawissenschaftler*innen,
Kneipenbesitzer,Kneipenbesitzer*innen,
Kneipenbesitzeren,Kneipenbesitzer*innen,
Koalitionär,Koalitionär*innen,
Koalitionären,Koalitionär*innen,
Koalitionspartner,Koalitionspartner*innen,
Koalitionspartneren,Koalitionspartner*innen,
Koautor,Koautor*innen,
Koautoren,Koautor*innen,
Köch,Köch*innen,
Köchen,Köch*innen,
Kolleg,Kolleg*innen,
Kollegen,Kolleg*innen,Kollegen*innen
Kolonialist,Kolonialist*innen,
Kolonialisten,Kolonialist*innen,
Kolumnist,Kolumnist*innen,
Kolumnisten,Kolumnist*innen,
Kommentator,Kommentator*innen,
Kommentatoren,Kommentator*innen,
Kommiliton,Kommiliton*innen,
Kommilitonen,Kommiliton*innen,
Kommissar,Kommissar*innen,
Kommissaren,Kommissar*innen,
Kommissaranwärter,Kommissaranwärter*innen,
Kommissaranwärteren,Kommissaranwärter*innen,
Kommunalpolitiker,Kommunalpolitiker*innen,
Kommunalpolitikeren,Kommunalpolitiker*innen,
Kommunard,Kommunard*innen,
Kommunarden,Kommunard*innen,
Kommunist,Kommunist*innen,
Kommunisten,Kommunist*innen,
Kompars,Kompars*innen,
Komparsen,Kompars*innen,
Komponist,Komponist*innen,
Komponisten,Komponist*innen,
Konfirmand,Konfirmand*innen,
Konfirmanden,Konfirmand*innen,
Konkurrent,Konkurrent*innen,
Konkurrenten,Konkurrent*innen,
Konsument,Konsument*innen,
Konsumenten,Konsument*innen,Konsumenten*innen
Konsumentenen,Konsumenten*innen,
Kontrahent,Kontrahent*innen,
Kontrahenten,Kontrahent*innen,
Kooperationspartner,Kooperationspartner*innen,
Kooperationspartneren,Kooperationspartner*innen,
Kopftuchträger,Kopftuchträger*innen,
Kopftuchträgeren,Kopftuchträger*innen,
Korrespondent,Korrespondent*innen,
Korrespondenten,Korrespondent*innen,
Kosmetiker,Kosmetiker*innen,
Kosmetikeren,Kosmetiker*innen,
Krankenhausmitarbeiter,Krankenhausmitarbeiter*innen,
Krankenhausmitarbeiteren,Krankenhausmitarbeiter*innen,
Krankenhauspatient,Krankenhauspatient*innen,
Krankenhauspatienten,Krankenhauspatient*innen,
Krankenpfleger,Krankenpfleger*innen,
Krankenpflegeren,Krankenpfleger*innen,
Krebspatient,Krebspatient*innen,
Krebspatienten,Krebspatient*innen,
Kritiker,Kritiker*innen,
Kritikeren,Kritiker*innen,
Kronzeug,Kronzeug*innen,
Kronzeugen,Kronzeug*innen,
Kubaner,Kubaner*innen,
Kubaneren,Kubaner*innen,
Kulturarbeiter,Kulturarbeiter*innen,
Kulturarbeiteren,Kulturarbeiter*innen,
Kultusminister,Kultusminister*innen,
Kultusministeren,Kultusminister*innen,
Kund,Kund*innen,
Kunden,Kund*innen,Kunden*innen
Künstler,Künstler*innen,
Künstleren,Künstler*innen,
Künstlerkolleg,Künstlerkolleg*innen,
Künstlerkollegen,Künstlerkolleg*innen,
Kurator,Kurator*innen,
Kuratoren,Kurator*innen,
Kurd,Kurd*innen,
Kurden,Kurd*innen,
Kurier,Kurier*innen,
Kurieren,Kurier*innen,
Kursleiter,Kursleiter*innen,
Kursleiteren,Kursleiter*innen,
Ladeninhaber,Ladeninhaber*innen,
Ladeninhaberen,Ladeninhaber*innen,
Laienmusiker,Laienmusiker*innen,
Laienmusikeren,Laienmusiker*innen,
Landbewohner,Landbewohner*innen,
Landbewohneren,Landbewohner*innen,
Länderchef,Länderchef*innen,
Länderchefen,Länderchef*innen,
Länderkolleg,Länderkolleg*innen,
Länderkollegen,Länderkolleg*innen,
Landespolitiker,Landespolitiker*innen,
Landespolitikeren,Landespolitiker*innen,
Landwirt,Landwirt*innen,
Landwirten,Landwirt*innen,
Laudator,Laudator*innen,
Laudatoren,Laudator*innen,
Läufer,Läufer*innen,
Läuferen,Läufer*innen,
Lebenschützer,Lebenschützer*innen,
Lebenschützeren,Lebenschützer*innen,
Lebensretter,Lebensretter*innen,
Lebensretteren,Lebensretter*innen,
Lebensschützer,Lebensschützer*innen,
Lebensschützeren,Lebensschützer*innen,
Lehrer,Lehrer*innen,
Lehreren,Lehrer*innen,
Leichtathlet,Leichtathlet*innen,
Leichtathleten,Leichtathlet*innen,
Leiharbeiter,Leiharbeiter*innen,
Leiharbeiteren,Leiharbeiter*innen,
Leiharbeitnehmer,Leiharbeitnehmer*innen,
Leiharbeitnehmeren,Leiharbeitnehmer*innen,
Leipziger,Leipziger*innen,
Leipzigeren,Leipziger*innen,
Leistungsbezieher,Leistungsbezieher*innen,
Leistungsbezieheren,Leistungsbezieher*innen,
Leistungsempfänger,Leistungsempfänger*innen,
Leistungsempfängeren,Leistungsempfänger*innen,
Leistungssportler,Leistungssportler*innen,
Leistungssportleren,Leistungssportler*innen,
Leiter,Leiter*innen,
Leiteren,Leiter*innen,
Leser,Leser*innen,
Leseren,Leser*innen,
Leugner,Leugner*innen,
Leugneren,Leugner*innen,
Libanes,Libanes*innen,
Libanesen,Libanes*innen,
Liebhaber,Liebhaber*innen,
Liebhaberen,Liebhaber*innen,
Lieferant,Lieferant*innen,
Lieferanten,Lieferant*innen,
Linguist,Linguist*innen,
Linguisten,Linguist*innen,
Linksextremist,Linksextremist*innen,
Linksextremisten,Linksextremist*innen,
Literat,Literat*innen,
Literaten,Literat*innen,
Literaturübersetzer,Literaturübersetzer*innen,
Literaturübersetzeren,Literaturübersetzer*innen,
Lobbyist,Lobbyist*innen,
Lobbyisten,Lobbyist*innen,
Lokaljournalist,Lokaljournalist*innen,
Lokaljournalisten,Lokaljournalist*innen,
Lokalpolitiker,Lokalpolitiker*innen,
Lokalpolitikeren,Lokalpolitiker*innen,
Lübecker,Lübecker*innen,
Lübeckeren,Lübecker*innen,
Lügner,Lügner*innen,
Lügneren,Lügner*innen,
Lyriker,Lyriker*innen,
Lyrikeren,Lyriker*innen,
Macher,Macher*innen,
Macheren,Macher*innen,
Makler,Makler*innen,
Makleren,Makler*innen,
Maler,Maler*innen,
Maleren,Maler*innen,
Manager,Manager*innen,
Manageren,Manager*innen,
Mandant,Mandant*innen,
Mandanten,Mandant*innen,
Mandatsträger,Mandatsträger*innen,
Mandatsträgeren,Mandatsträger*innen,
Masseur,Masseur*innen,
Masseuren,Masseur*innen,
Masterstudent,Masterstudent*innen,
Masterstudenten,Masterstudent*innen,
Mechaniker,Mechaniker*innen,
Mechanikeren,Mechaniker*innen,
Mechatroniker,Mechatroniker*innen,
Mechatronikeren,Mechatroniker*innen,
Medienmacher,Medienmacher*innen,
Medienmacheren,Medienmacher*innen,
Medienvertreter,Medienvertreter*innen,
Medienvertreteren,Medienvertreter*innen,
Mediziner,Mediziner*innen,
Medizineren,Mediziner*innen,
Medizinstudent,Medizinstudent*innen,
Medizinstudenten,Medizinstudent*innen,
Meisterschüler,Meisterschüler*innen,
Meisterschüleren,Meisterschüler*innen,
Menschenrechtler,Menschenrechtler*innen,
Menschenrechtleren,Menschenrechtler*innen,
Messebesucher,Messebesucher*innen,
Messebesucheren,Messebesucher*innen,
Mietaktivist,Mietaktivist*innen,
Mietaktivisten,Mietaktivist*innen,
Mieter,Mieter*innen,
Mieteren,Mieter*innen,
Migrant,Migrant*innen,
Migranten,Migrant*innen,Migranten*innen
Migrationsexpert,Migrationsexpert*innen,
Migrationsexperten,Migrationsexpert*innen,
Milliardär,Milliardär*innen,
Milliardären,Milliardär*innen,
Millionär,Millionär*innen,
Millionären,Millionär*innen,
Minijobber,Minijobber*innen,
Minijobberen,Minijobber*innen,
Minister,Minister*innen,
Ministeren,Minister*innen,
Ministerpräsident,Ministerpräsident*innen,
Ministerpräsidenten,Ministerpräsident*innen,
Mitarbeiter,Mitarbeiter*innen,
Mitarbeiteren,Mitarbeiter*innen,
Mitbewerber,Mitbewerber*innen,
Mitbewerberen,Mitbewerber*innen,
Mitbewohner,Mitbewohner*innen,
Mitbewohneren,Mitbewohner*innen,
Mitbürger,Mitbürger*innen,
Mitbürgeren,Mitbürger*innen,
Mitglieder,Mitglieder*innen,
Mitgliederen,Mitglieder*innen,
Mitinitiator,Mitinitiator*innen,
Mitinitiatoren,Mitinitiator*innen,
Mitschüler,Mitschüler*innen,
Mitschüleren,Mitschüler*innen,
Mitspieler,Mitspieler*innen,
Mitspieleren,Mitspieler*innen,
Mitstreiter,Mitstreiter*innen,
Mitstreiteren,Mitstreiter*innen,
Mittelständler,Mittelständler*innen,
Mittelständleren,Mittelständler*innen,
Mitzeichner,Mitzeichner*innen,
Mitzeichneren,Mitzeichner*innen,
Moderator,Moderator*innen,
Moderatoren,Moderator*innen,Moderatoren*innen
Müllwerker,Müllwerker*innen,
Müllwerkeren,Müllwerker*innen,
Multiplikator,Multiplikator*innen,
Multiplikatoren,Multiplikator*innen,
Münchner,Münchner*innen,
Münchneren,Münchner*innen,
Museumspädagog,Museumspädagog*innen,
Museumspädagogen,Museumspädagog*innen,
Musikant,Musikant*innen,
Musikanten,Musikant*innen,
Musiker,Musiker*innen,
Musikeren,Musiker*innen,
Muslim,Muslim*innen,
Muslimen,Muslim*innen,
Nachahmer,Nachahmer*innen,
Nachahmeren,Nachahmer*innen,
Nachbar,Nachbar*innen,
Nachbaren,Nachbar*innen,
Nachfolger,Nachfolger*innen,
Nachfolgeren,Nachfolger*innen,
Nachwuchsjournalist,Nachwuchsjournalist*innen,
Nachwuchsjournalisten,Nachwuchsjournalist*innen,
Nachwuchspolitiker,Nachwuchspolitiker*innen,
Nachwuchspolitikeren,Nachwuchspolitiker*innen,
Nachwuchssportler,Nachwuchssportler*innen,
Nachwuchssportleren,Nachwuchssportler*innen,
Naturfreund,Naturfreund*innen,
Naturfreunden,Naturfreund*innen,
Naturschützer,Naturschützer*innen,
Naturschützeren,Naturschützer*innen,
Nebenkläger,Nebenkläger*innen,
Nebenklägeren,Nebenkläger*innen,
Netzaktivist,Netzaktivist*innen,
Netzaktivisten,Netzaktivist*innen,
Netzexpert,Netzexpert*innen,
Netzexperten,Netzexpert*innen,
Neubürger,Neubürger*innen,
Neubürgeren,Neubürger*innen,
Neuköllner,Neuköllner*innen,
Neuköllneren,Neuköllner*innen,
Neukund,Neukund*innen,
Neukunden,Neukund*innen,
Neuntklässler,Neuntklässler*innen,
Neuntklässleren,Neuntklässler*innen,
Neurowissenschaftler,Neurowissenschaftler*innen,
Neurowissenschaftleren,Neurowissenschaftler*innen,
Newcomer,Newcomer*innen,
Newcomeren,Newcomer*innen,
Nobelpreisträger,Nobelpreisträger*innen,
Nobelpreisträgeren,Nobelpreisträger*innen,
Nostalgiker,Nostalgiker*innen,
Nostalgikeren,Nostalgiker*innen,
Nutzer,Nutzer*innen,
Nutzeren,Nutzer*innen,
Nutznießer,Nutznießer*innen,
Nutznießeren,Nutznießer*innen,
Oberstufenschüler,Oberstufenschüler*innen,
Oberstufenschüleren,Oberstufenschüler*innen,
Ökolog,Ökolog*innen,
Ökologen,Ökolog*innen,
Ökonom,Ökonom*innen,
Ökonomen,Ökonom*innen,
Opernbesucher,Opernbesucher*innen,
Opernbesucheren,Opernbesucher*innen,
Opferanwält,Opferanwält*innen,
Opferanwälten,Opferanwält*innen,
Oppositionspolitiker,Oppositionspolitiker*innen,
Oppositionspolitikeren,Oppositionspolitiker*innen,
Optimist,Optimist*innen,
Optimisten,Optimist*innen,
Orchestermusiker,Orchestermusiker*innen,
Orchestermusikeren,Orchestermusiker*innen,
Ordner,Ordner*innen,
Ordneren,Ordner*innen,
Organisator,Organisator*innen,
Organisatoren,Organisator*innen,
Österreicher,Österreicher*innen,
Österreicheren,Österreicher*innen,
Osteuropäer,Osteuropäer*innen,
Osteuropäeren,Osteuropäer*innen,
Pädagog,Pädagog*innen,
Pädagogen,Pädagog*innen,
Palästinenser,Palästinenser*innen,
Palästinenseren,Palästinenser*innen,
Pariser,Pariser*innen,
Pariseren,Pariser*innen,
Parlamentarier,Parlamentarier*innen,
Parlamentarieren,Parlamentarier*innen,
Parteifreund,Parteifreund*innen,
Parteifreunden,Parteifreund*innen,
Partner,Partner*innen,
Partneren,Partner*innen,
Partygänger,Partygänger*innen,
Partygängeren,Partygänger*innen,
Passagier,Passagier*innen,
Passagieren,Passagier*innen,
Passant,Passant*innen,
Passanten,Passant*innen,
Patient,Patient*innen,
Patienten,Patient*innen,Patienten*innen
Pazifist,Pazifist*innen,
Pazifisten,Pazifist*innen,
Pendler,Pendler*innen,
Pendleren,Pendler*innen,
Performer,Performer*innen,
Performeren,Performer*innen,
Peronist,Peronist*innen,
Peronisten,Peronist*innen,
Peruaner,Peruaner*innen,
Peruaneren,Peruaner*innen,
Petent,Petent*innen,
Petenten,Petent*innen,
Pfleger,Pfleger*innen,
Pflegeren,Pfleger*innen,
Philosoph,Philosoph*innen,
Philosophen,Philosoph*innen,
Physiotherapeut,Physiotherapeut*innen,
Physiotherapeuten,Physiotherapeut*innen,
Pilot,Pilot*innen,
Piloten,Pilot*innen,
Pirat,Pirat*innen,
Piraten,Pirat*innen,
Politaktivist,Politaktivist*innen,
Politaktivisten,Politaktivist*innen,
Politiker,Politiker*innen,
Politikeren,Politiker*innen,
Polizeibeamt,Polizeibeamt*innen,
Polizeibeamten,Polizeibeamt*innen,
Polizist,Polizist*innen,
Polizisten,Polizist*innen,Polizisten*innen
Pragmatiker,Pragmatiker*innen,
Pragmatikeren,Pragmatiker*innen,
Praktikant,Praktikant*innen,
Praktikanten,Praktikant*innen,
Preisträger,Preisträger*innen,
Preisträgeren,Preisträger*innen,
Pressevertreter,Pressevertreter*innen,
Pressevertreteren,Pressevertreter*innen,
Privateigentümer,Privateigentümer*innen,
Privateigentümeren,Privateigentümer*innen,
Privatschüler,Privatschüler*innen,
Privatschüleren,Privatschüler*innen,
Proband,Proband*innen,
Probanden,Proband*innen,
Problemschüler,Problemschüler*innen,
Problemschüleren,Problemschüler*innen,
Produktentwickler,Produktentwickler*innen,
Produktentwickleren,Produktentwickler*innen,
Produzent,Produzent*innen,
Produzenten,Produzent*innen,
Professor,Professor*innen,
Professoren,Professor*innen,
Profiteur,Profiteur*innen,
Profiteuren,Profiteur*innen,
Programmierer,Programmierer*innen,
Programmiereren,Programmierer*innen,
Prostitutionsgegner,Prostitutionsgegner*innen,
Prostitutionsgegneren,Prostitutionsgegner*innen,
Protagonist,Protagonist*innen,
Protagonisten,Protagonist*innen,
Protestteilnehmer,Protestteilnehmer*innen,
Protestteilnehmeren,Protestteilnehmer*innen,
Prüfer,Prüfer*innen,
Prüferen,Prüfer*innen,
Psychiater,Psychiater*innen,
Psychiateren,Psychiater*innen,
Psycholog,Psycholog*innen,
Psychologen,Psycholog*innen,
Psychotherapeut,Psychotherapeut*innen,
Psychotherapeuten,Psychotherapeut*innen,
Publizist,Publizist*innen,
Publizisten,Publizist*innen,
Querdenker,Querdenker*innen,
Querdenkeren,Querdenker*innen,
Quereinsteiger,Quereinsteiger*innen,
Quereinsteigeren,Quereinsteiger*innen,
Radfahrer,Radfahrer*innen,
Radfahreren,Radfahrer*innen,
Radler,Radler*innen,
Radleren,Radler*innen,
Randalierer,Randalierer*innen,
Randaliereren,Randalierer*innen,
Rapper,Rapper*innen,
Rapperen,Rapper*innen,
Raser,Raser*innen,
Raseren,Raser*innen,
Rassist,Rassist*innen,
Rassisten,Rassist*innen,
Raucher,Raucher*innen,
Raucheren,Raucher*innen,
Raver,Raver*innen,
Raveren,Raver*innen,
Rechteinhaber,Rechteinhaber*innen,
Rechteinhaberen,Rechteinhaber*innen,
Rechtsanwält,Rechtsanwält*innen,
Rechtsanwälten,Rechtsanwält*innen,
Rechtsextremist,Rechtsextremist*innen,
Rechtsextremisten,Rechtsextremist*innen,
Rechtspopulist,Rechtspopulist*innen,
Rechtspopulisten,Rechtspopulist*innen,
Rechtsterrorist,Rechtsterrorist*innen,
Rechtsterroristen,Rechtsterrorist*innen,
Redakteur,Redakteur*innen,
Redakteuren,Redakteur*innen,
Redner,Redner*innen,
Redneren,Redner*innen,
Referendar,Referendar*innen,
Referendaren,Referendar*innen,
Referent,Referent*innen,
Referenten,Referent*innen,
Regierungschef,Regierungschef*innen,
Regierungschefen,Regierungschef*innen,
Regierungsvertreter,Regierungsvertreter*innen,
Regierungsvertreteren,Regierungsvertreter*innen,
Regisseur,Regisseur*innen,
Regisseuren,Regisseur*innen,
Reichsbürger,Reichsbürger*innen,
Reichsbürgeren,Reichsbürger*innen,
Reiseleiter,Reiseleiter*innen,
Reiseleiteren,Reiseleiter*innen,
Reiserückkehrer,Reiserückkehrer*innen,
Reiserückkehreren,Reiserückkehrer*innen,
Reiter,Reiter*innen,
Reiteren,Reiter*innen,
Religionslehrer,Religionslehrer*innen,
Religionslehreren,Religionslehrer*innen,
Renter,Renter*innen,
Renteren,Renter*innen,
Rentner,Rentner*innen,
Rentneren,Rentner*innen,
Reporter,Reporter*innen,
Reporteren,Reporter*innen,
Repräsentant,Repräsentant*innen,
Repräsentanten,Repräsentant*innen,
Republikaner,Republikaner*innen,
Republikaneren,Republikaner*innen,
Ressortleiter,Ressortleiter*innen,
Ressortleiteren,Ressortleiter*innen,
Restaurantbesucher,Restaurantbesucher*innen,
Restaurantbesucheren,Restaurantbesucher*innen,
Retter,Retter*innen,
Retteren,Retter*innen,
Rettungsschwimmer,Rettungsschwimmer*innen,
Rettungsschwimmeren,Rettungsschwimmer*innen,
Rezipient,Rezipient*innen,
Rezipienten,Rezipient*innen,
Richter,Richter*innen,
Richteren,Richter*innen,
Rollstuhlfahrer,Rollstuhlfahrer*innen,
Rollstuhlfahreren,Rollstuhlfahrer*innen,
Rückkehrer,Rückkehrer*innen,
Rückkehreren,Rückkehrer*innen,
Rumän,Rumän*innen,
Rumänen,Rumän*innen,
Russ,Russ*innen,
Russen,Russ*innen,
Sachbearbeiter,Sachbearbeiter*innen,
Sachbearbeiteren,Sachbearbeiter*innen,
Saisonarbeiter,Saisonarbeiter*innen,
Saisonarbeiteren,Saisonarbeiter*innen,
Sammler,Sammler*innen,
Sammleren,Sammler*innen,
Sänger,Sänger*innen,
Sängeren,Sänger*innen,
Sanitäter,Sanitäter*innen,
Sanitäteren,Sanitäter*innen,
Schaupieler,Schaupieler*innen,
Schaupieleren,Schaupieler*innen,
Schauspieler,Schauspieler*innen,
Schauspieleren,Schauspieler*innen,
Schicksalsgenoss,Schicksalsgenoss*innen,
Schicksalsgenossen,Schicksalsgenoss*innen,
Schiedsrichter,Schiedsrichter*innen,
Schiedsrichteren,Schiedsrichter*innen,
Schöff,Schöff*innen,
Schöffen,Schöff*innen,
Schreiber,Schreiber*innen,
Schreiberen,Schreiber*innen,
Schriftführer,Schriftführer*innen,
Schriftführeren,Schriftführer*innen,
Schriftsteller,Schriftsteller*innen,
Schriftstelleren,Schriftsteller*innen,
Schulabgänger,Schulabgänger*innen,
Schulabgängeren,Schulabgänger*innen,
Schüler,Schüler*innen,
Schüleren,Schüler*innen,
Schülervertreter,Schülervertreter*innen,
Schülervertreteren,Schülervertreter*innen,
Schulfreund,Schulfreund*innen,
Schulfreunden,Schulfreund*innen,
Schulleiter,Schulleiter*innen,
Schulleiteren,Schulleiter*innen,
Schulsozialarbeiter,Schulsozialarbeiter*innen,
Schulsozialarbeiteren,Schulsozialarbeiter*innen,
Schütz,Schütz*innen,
Schützen,Schütz*innen,
Segler,Segler*innen,
Segleren,Segler*innen,
Sekundarschüler,Sekundarschüler*innen,
Sekundarschüleren,Sekundarschüler*innen,
Senator,Senator*innen,
Senatoren,Senator*innen,
Senatsvertreter,Senatsvertreter*innen,
Senatsvertreteren,Senatsvertreter*innen,
Senegales,Senegales*innen,
Senegalesen,Senegales*innen,
Senior,Senior*innen,
Senioren,Senior*innen,Senioren*innen
Sexarbeiter,Sexarbeiter*innen,
Sexarbeiteren,Sexarbeiter*innen,
Sexpartner,Sexpartner*innen,
Sexpartneren,Sexpartner*innen,
Sexualpartner,Sexualpartner*innen,
Sexualpartneren,Sexualpartner*innen,
Sexualstraftäter,Sexualstraftäter*innen,
Sexualstraftäteren,Sexualstraftäter*innen,
Sexworker,Sexworker*innen,
Sexworkeren,Sexworker*innen,
Siedler,Siedler*innen,
Siedleren,Siedler*innen,
Sitznachbar,Sitznachbar*innen,
Sitznachbaren,Sitznachbar*innen,
Sklav,Sklav*innen,
Sklaven,Sklav*innen,
Soldat,Soldat*innen,
Soldaten,Soldat*innen,
Solist,Solist*innen,
Solisten,Solist*innen,
Solokünstler,Solokünstler*innen,
Solokünstleren,Solokünstler*innen,
Sozialarbeiter,Sozialarbeiter*innen,
Sozialarbeiteren,Sozialarbeiter*innen,
Sozialdemokrat,Sozialdemokrat*innen,
Sozialdemokraten,Sozialdemokrat*innen,
Sozialforscher,Sozialforscher*innen,
Sozialforscheren,Sozialforscher*innen,
Sozialhilfeempfänger,Sozialhilfeempfänger*innen,
Sozialhilfeempfängeren,Sozialhilfeempfänger*innen,
Soziolog,Soziolog*innen,
Soziologen,Soziolog*innen,
Spätaussiedler,Spätaussiedler*innen,
Spätaussiedleren,Spätaussiedler*innen,
Spaziergänger,Spaziergänger*innen,
Spaziergängeren,Spaziergänger*innen,
Spekulant,Spekulant*innen,
Spekulanten,Spekulant*innen,
Spender,Spender*innen,
Spenderen,Spender*innen,
Spezialist,Spezialist*innen,
Spezialisten,Spezialist*innen,
Spieler,Spieler*innen,
Spieleren,Spieler*innen,
Spielgefährt,Spielgefährt*innen,
Spielgefährten,Spielgefährt*innen,
Spielkamerad,Spielkamerad*innen,
Spielkameraden,Spielkamerad*innen,
Spitzenkandidat,Spitzenkandidat*innen,
Spitzenkandidaten,Spitzenkandidat*innen,
Spitzenpolitiker,Spitzenpolitiker*innen,
Spitzenpolitikeren,Spitzenpolitiker*innen,
Spitzensportler,Spitzensportler*innen,
Spitzensportleren,Spitzensportler*innen,
Sponsor,Sponsor*innen,
Sponsoren,Sponsor*innen,
Sportjournalist,Sportjournalist*innen,
Sportjournalisten,Sportjournalist*innen,
Sportler,Sportler*innen,
Sportleren,Sportler*innen,
Sprayer,Sprayer*innen,
Sprayeren,Sprayer*innen,
Sprecher,Sprecher*innen,
Sprecheren,Sprecher*innen,
Staatsanwält,Staatsanwält*innen,
Staatsanwälten,Staatsanwält*innen,
Staatsbürger,Staatsbürger*innen,
Staatsbürgeren,Staatsbürger*innen,
Staatssekretär,Staatssekretär*innen,
Staatssekretären,Staatssekretär*innen,
Stadtbewohner,Stadtbewohner*innen,
Stadtbewohneren,Stadtbewohner*innen,
Städter,Städter*innen,
Städteren,Städter*innen,
Stadtteilpolitiker,Stadtteilpolitiker*innen,
Stadtteilpolitikeren,Stadtteilpolitiker*innen,
Stammkund,Stammkund*innen,
Stammkunden,Stammkund*innen,
Stammwähler,Stammwähler*innen,
Stammwähleren,Stammwähler*innen,
Steuerfahnder,Steuerfahnder*innen,
Steuerfahnderen,Steuerfahnder*innen,
Steuerzahler,Steuerzahler*innen,
Steuerzahleren,Steuerzahler*innen,
Stimmbürger,Stimmbürger*innen,
Stimmbürgeren,Stimmbürger*innen,
Stipendiat,Stipendiat*innen,
Stipendiaten,Stipendiat*innen,
Straftäter,Straftäter*innen,
Straftäteren,Straftäter*innen,
Strafverfolger,Strafverfolger*innen,
Strafverfolgeren,Strafverfolger*innen,
Straßensozialarbeiter,Straßensozialarbeiter*innen,
Straßensozialarbeiteren,Straßensozialarbeiter*innen,
Streetworker,Streetworker*innen,
Streetworkeren,Streetworker*innen,
Stromkund,Stromkund*innen,
Stromkunden,Stromkund*innen,
Student,Student*innen,
Studenten,Student*innen,Studenten*innen
Studienanfänger,Studienanfänger*innen,
Studienanfängeren,Studienanfänger*innen,
Studienautor,Studienautor*innen,
Studienautoren,Studienautor*innen,
Studienteilnehmer,Studienteilnehmer*innen,
Studienteilnehmeren,Studienteilnehmer*innen,
Studierendenvertreter,Studierendenvertreter*innen,
Studierendenvertreteren,Studierendenvertreter*innen,
Sympathisant,Sympathisant*innen,
Sympathisanten,Sympathisant*innen,
Syrer,Syrer*innen,
Syreren,Syrer*innen,
Taiwaner,Taiwaner*innen,
Taiwaneren,Taiwaner*innen,
Tänzer,Tänzer*innen,
Tänzeren,Tänzer*innen,
Täter,Täter*innen,
Täteren,Täter*innen,
Taxifahrer,Taxifahrer*innen,
Taxifahreren,Taxifahrer*innen,
Techniker,Techniker*innen,
Technikeren,Techniker*innen,
Technokrat,Technokrat*innen,
Technokraten,Technokrat*innen,
Teenager,Teenager*innen,
Teenageren,Teenager*innen,
Teilnehmer,Teilnehmer*innen,
Teilnehmeren,Teilnehmer*innen,
Tennisspieler,Tennisspieler*innen,
Tennisspieleren,Tennisspieler*innen,
Terrorist,Terrorist*innen,
Terroristen,Terrorist*innen,
Tester,Tester*innen,
Testeren,Tester*innen,
Theaterkünstler,Theaterkünstler*innen,
Theaterkünstleren,Theaterkünstler*innen,
Theatermacher,Theatermacher*innen,
Theatermacheren,Theatermacher*innen,
Therapeut,Therapeut*innen,
Therapeuten,Therapeut*innen,
Tierrechtsaktivist,Tierrechtsaktivist*innen,
Tierrechtsaktivisten,Tierrechtsaktivist*innen,
Tierschutzaktivist,Tierschutzaktivist*innen,
Tierschutzaktivisten,Tierschutzaktivist*innen,
Tierschützer,Tierschützer*innen,
Tierschützeren,Tierschützer*innen,
Tourist,Tourist*innen,
Touristen,Tourist*innen,
Träger,Träger*innen,
Trägeren,Träger*innen,
Trainer,Trainer*innen,
Traineren,Trainer*innen,
Trucker,Trucker*innen,
Truckeren,Trucker*innen,
Türsteher,Türsteher*innen,
Türsteheren,Türsteher*innen,
Übersetzer,Übersetzer*innen,
Übersetzeren,Übersetzer*innen,
Ukrainer,Ukrainer*innen,
Ukraineren,Ukrainer*innen,
Umweltaktivist,Umweltaktivist*innen,
Umweltaktivisten,Umweltaktivist*innen,
Umweltschützer,Umweltschützer*innen,
Umweltschützeren,Umweltschützer*innen,
Unionspolitiker,Unionspolitiker*innen,
Unionspolitikeren,Unionspolitiker*innen,
Unternehmer,Unternehmer*innen,
Unternehmeren,Unternehmer*innen,
Unterstützer,Unterstützer*innen,
Unterstützeren,Unterstützer*innen,
Unterzeichner,Unterzeichner*innen,
Unterzeichneren,Unterzeichner*innen,
Urheber,Urheber*innen,
Urheberen,Urheber*innen,
Urlauber,Urlauber*innen,
Urlauberen,Urlauber*innen,
Urlaubsrückkehrer,Urlaubsrückkehrer*innen,
Urlaubsrückkehreren,Urlaubsrückkehrer*innen,
User,User*innen,
Useren,User*innen,
Veranstalter,Veranstalter*innen,
Veranstalteren,Veranstalter*innen,
Verbandsvertreter,Verbandsvertreter*innen,
Verbandsvertreteren,Verbandsvertreter*innen,
Verbraucher,Verbraucher*innen,
Verbraucheren,Verbraucher*innen,
Verbraucherschützer,Verbraucherschützer*innen,
Verbraucherschützeren,Verbraucherschützer*innen,
Verbrecher,Verbrecher*innen,
Verbrecheren,Verbrecher*innen,
Verfasser,Verfasser*innen,
Verfasseren,Verfasser*innen,
Verfassungsrechtler,Verfassungsrechtler*innen,
Verfassungsrechtleren,Verfassungsrechtler*innen,
Verfassungsrichter,Verfassungsrichter*innen,
Verfassungsrichteren,Verfassungsrichter*innen,
Verfassungsschützer,Verfassungsschützer*innen,
Verfassungsschützeren,Verfassungsschützer*innen,
Verfechter,Verfechter*innen,
Verfechteren,Verfechter*innen,
Verhandler,Verhandler*innen,
Verhandleren,Verhandler*innen,
Verkäufer,Verkäufer*innen,
Verkäuferen,Verkäufer*innen,
Verkehrsteilnehmer,Verkehrsteilnehmer*innen,
Verkehrsteilnehmeren,Verkehrsteilnehmer*innen,
Verleger,Verleger*innen,
Verlegeren,Verleger*innen,
Verlierer,Verlierer*innen,
Verliereren,Verlierer*innen,
Vermieter,Vermieter*innen,
Vermieteren,Vermieter*innen,
Verschwörer,Verschwörer*innen,
Verschwöreren,Verschwörer*innen,
Verschwörungsanhänger,Verschwörungsanhänger*innen,
Verschwörungsanhängeren,Verschwörungsanhänger*innen,
Verschwörungsideolog,Verschwörungsideolog*innen,
Verschwörungsideologen,Verschwörungsideolog*innen,
Verschwörungstheoretiker,Verschwörungstheoretiker*innen,
Verschwörungstheoretikeren,Verschwörungstheoretiker*innen,
Verteidiger,Verteidiger*innen,
Verteidigeren,Verteidiger*innen,
Vertragsarbeiter,Vertragsarbeiter*innen,
Vertragsarbeiteren,Vertragsarbeiter*innen,
Vertreter,Vertreter*innen,
Vertreteren,Vertreter*innen,
Verursacher,Verursacher*innen,
Verursacheren,Verursacher*innen,
Verwaltungsmitarbeiter,Verwaltungsmitarbeiter*innen,
Verwaltungsmitarbeiteren,Verwaltungsmitarbeiter*innen,
Veteran,Veteran*innen,
Veteranen,Veteran*innen,
Videokünstler,Videokünstler*innen,
Videokünstleren,Videokünstler*innen,
Viertklässler,Viertklässler*innen,
Viertklässleren,Viertklässler*innen,
Vietnames,Vietnames*innen,
Vietnamesen,Vietnames*innen,
Virolog,Virolog*innen,
Virologen,Virolog*innen,
Vizepräsident,Vizepräsident*innen,
Vizepräsidenten,Vizepräsident*innen,
Volksvertreter,Volksvertreter*innen,
Volksvertreteren,Volksvertreter*innen,
Vollstrecker,Vollstrecker*innen,
Vollstreckeren,Vollstrecker*innen,
Wähler,Wähler*innen,
Wähleren,Wähler*innen,
Wahlhelfer,Wahlhelfer*innen,
Wahlhelferen,Wahlhelfer*innen,
Wahlkämpfer,Wahlkämpfer*innen,
Wahlkämpferen,Wahlkämpfer*innen,
Wahlkampfhelfer,Wahlkampfhelfer*innen,
Wahlkampfhelferen,Wahlkampfhelfer*innen,
Waldbesetzer,Waldbesetzer*innen,
Waldbesetzeren,Waldbesetzer*innen,
Waldbesitzer,Waldbesitzer*innen,
Waldbesitzeren,Waldbesitzer*innen,
Wanderarbeiter,Wanderarbeiter*innen,
Wanderarbeiteren,Wanderarbeiter*innen,
Wechselwähler,Wechselwähler*innen,
Wechselwähleren,Wechselwähler*innen,
Wegbegleiter,Wegbegleiter*innen,
Wegbegleiteren,Wegbegleiter*innen,
Weggefährt,Weggefährt*innen,
Weggefährten,Weggefährt*innen,
Werkvertragsarbeiter,Werkvertragsarbeiter*innen,
Werkvertragsarbeiteren,Werkvertragsarbeiter*innen,
Westeuropäer,Westeuropäer*innen,
Westeuropäeren,Westeuropäer*innen,
Wettkämpfer,Wettkämpfer*innen,
Wettkämpferen,Wettkämpfer*innen,
Whistleblower,Whistleblower*innen,
Whistlebloweren,Whistleblower*innen,
Widersacher,Widersacher*innen,
Widersacheren,Widersacher*innen,
Widerstandskämpfer,Widerstandskämpfer*innen,
Widerstandskämpferen,Widerstandskämpfer*innen,
Wiener,Wiener*innen,
Wieneren,Wiener*innen,
Winzer,Winzer*innen,
Winzeren,Winzer*innen,
Wirtschaftsvertreter,Wirtschaftsvertreter*innen,
Wirtschaftsvertreteren,Wirtschaftsvertreter*innen,
Wirtschaftswissenschaftler,Wirtschaftswissenschaftler*innen,
Wirtschaftswissenschaftleren,Wirtschaftswissenschaftler*innen,
Wissenschafter,Wissenschafter*innen,
Wissenschafteren,Wissenschafter*innen,
Wissenschaftler,Wissenschaftler*innen,
Wissenschaftleren,Wissenschaftler*innen,
Wissenschaftspolitiker,Wissenschaftspolitiker*innen,
Wissenschaftspolitikeren,Wissenschaftspolitiker*innen,
Wohnungseigentümer,Wohnungseigentümer*innen,
Wohnungseigentümeren,Wohnungseigentümer*innen,
Wortführer,Wortführer*innen,
Wortführeren,Wortführer*innen,
Wutbürger,Wutbürger*innen,
Wutbürgeren,Wutbürger*innen,
Yorker,Yorker*innen,
Yorkeren,Yorker*innen,
Youtuber,Youtuber*innen,
Youtuberen,Youtuber*innen,
Zeichner,Zeichner*innen,
Zeichneren,Zeichner*innen,
Zeitarbeiter,Zeitarbeiter*innen,
Zeitarbeiteren,Zeitarbeiter*innen,
Zeitgenoss,Zeitgenoss*innen,
Zeitgenossen,Zeitgenoss*innen,
Zeitzeug,Zeitzeug*innen,
Zeitzeugen,Zeitzeug*innen,
Zeug,Zeug*innen,
Zeugen,Zeug*innen,
Zivilist,Zivilist*innen,
Zivilisten,Zivilist*innen,
Zollbeamt,Zollbeamt*innen,
Zollbeamten,Zollbeamt*innen,
Züchter,Züchter*innen,
Züchteren,Züchter*innen,
Zugbegleiter,Zugbegleiter*innen,
Zugbegleiteren,Zugbegleiter*innen,
Zuhörer,Zuhörer*innen,
Zuhöreren,Zuhörer*innen,
Zuschauer,Zuschauer*innen,
Zuschaueren,Zuschauer*innen,
Zusteller,Zusteller*innen,
Zustelleren,Zusteller*innen,
Zuwander,Zuwander*innen,
Zuwanderen,Zuwander*innen,
Zwangsarbeiter,Zwangsarbeiter*innen,
Zwangsarbeiteren,Zwangsarbeiter*innen,
Abbrecher,Abbrecher*innen,
Abbrecheren,Abbrecher*innen,
Abgänger,Abgänger*innen,
Abgängeren,Abgänger*innen,
Abweichler,Abweichler*innen,
Abweichleren,Abweichler*innen,
Achtklässler,Achtklässler*innen,
Achtklässleren,Achtklässler*innen,
Administrator,Administrator*innen,
Administratoren,Administrator*innen,
Aktionskünstler,Aktionskünstler*innen,
Aktionskünstleren,Aktionskünstler*innen,
Aktivistenen,Aktivisten*innen,
Alkoholiker,Alkoholiker*innen,
Alkoholikeren,Alkoholiker*innen,
Alltagsradler,Alltagsradler*innen,
Alltagsradleren,Alltagsradler*innen,
Altenpfleger,Altenpfleger*innen,
Altenpflegeren,Altenpfleger*innen,
Amtsleiter,Amtsleiter*innen,
Amtsleiteren,Amtsleiter*innen,
Anführer,Anführer*innen,
Anführeren,Anführer*innen,
Anrainer,Anrainer*innen,
Anraineren,Anrainer*innen,
Anrufer,Anrufer*innen,
Anruferen,Anrufer*innen,
Antimilitarist,Antimilitarist*innen,
Antimilitaristen,Antimilitarist*innen,
Antragssteller,Antragssteller*innen,
Antragsstelleren,Antragssteller*innen,
Arbeiternehmer,Arbeiternehmer*innen,
Arbeiternehmeren,Arbeiternehmer*innen,
Arbeitsvermittler,Arbeitsvermittler*innen,
Arbeitsvermittleren,Arbeitsvermittler*innen,
Archäolog,Archäolog*innen,
Archäologen,Archäolog*innen,
Aspirant,Aspirant*innen,
Aspiranten,Aspirant*innen,
Asthmatiker,Asthmatiker*innen,
Asthmatikeren,Asthmatiker*innen,
Asylwerber,Asylwerber*innen,
Asylwerberen,Asylwerber*innen,
Athener,Athener*innen,
Atheneren,Athener*innen,
Atomgegner,Atomgegner*innen,
Atomgegneren,Atomgegner*innen,
Aufklärer,Aufklärer*innen,
Aufkläreren,Aufklärer*innen,
Aufstocker,Aufstocker*innen,
Aufstockeren,Aufstocker*innen,
Auftraggeber,Auftraggeber*innen,
Auftraggeberen,Auftraggeber*innen,
Außenseiter,Außenseiter*innen,
Außenseiteren,Außenseiter*innen,
Aussiedler,Aussiedler*innen,
Aussiedleren,Aussiedler*innen,
Ausstellungsmacher,Ausstellungsmacher*innen,
Ausstellungsmacheren,Ausstellungsmacher*innen,
Austauschschüler,Austauschschüler*innen,
Austauschschüleren,Austauschschüler*innen,
Autogrammjäger,Autogrammjäger*innen,
Autogrammjägeren,Autogrammjäger*innen,
Autopendler,Autopendler*innen,
Autopendleren,Autopendler*innen,
Autorenen,Autoren*innen,
Avantgardist,Avantgardist*innen,
Avantgardisten,Avantgardist*innen,
Babysitter,Babysitter*innen,
Babysitteren,Babysitter*innen,
Bäcker,Bäcker*innen,
Bäckeren,Bäcker*innen,
Bäckermeister,Bäckermeister*innen,
Bäckermeisteren,Bäckermeister*innen,
Balletttänzer,Balletttänzer*innen,
Balletttänzeren,Balletttänzer*innen,
Banker,Banker*innen,
Bankeren,Banker*innen,
Bastler,Bastler*innen,
Bastleren,Bastler*innen,
Beamtenen,Beamten*innen,
Bedenkenträger,Bedenkenträger*innen,
Bedenkenträgeren,Bedenkenträger*innen,
Behördenvertreter,Behördenvertreter*innen,
Behördenvertreteren,Behördenvertreter*innen,
Beifahrer,Beifahrer*innen,
Beifahreren,Beifahrer*innen,
Beisitzer,Beisitzer*innen,
Beisitzeren,Beisitzer*innen,
Benutzer,Benutzer*innen,
Benutzeren,Benutzer*innen,
Bergsteiger,Bergsteiger*innen,
Bergsteigeren,Bergsteiger*innen,
Berufsanfänger,Berufsanfänger*innen,
Berufsanfängeren,Berufsanfänger*innen,
Berufsberater,Berufsberater*innen,
Berufsberateren,Berufsberater*innen,
Berufseinsteiger,Berufseinsteiger*innen,
Berufseinsteigeren,Berufseinsteiger*innen,
Berufskraftfahrer,Berufskraftfahrer*innen,
Berufskraftfahreren,Berufskraftfahrer*innen,
Besserwisser,Besserwisser*innen,
Besserwisseren,Besserwisser*innen,
Betriebsprüfer,Betriebsprüfer*innen,
Betriebsprüferen,Betriebsprüfer*innen,
Bewährungshelfer,Bewährungshelfer*innen,
Bewährungshelferen,Bewährungshelfer*innen,
Bezieher,Bezieher*innen,
Bezieheren,Bezieher*innen,
Bezirkspolitiker,Bezirkspolitiker*innen,
Bezirkspolitikeren,Bezirkspolitiker*innen,
Bibliothekar,Bibliothekar*innen,
Bibliothekaren,Bibliothekar*innen,
Biker,Biker*innen,
Bikeren,Biker*innen,
Bildungsberater,Bildungsberater*innen,
Bildungsberateren,Bildungsberater*innen,
Bildungsbürger,Bildungsbürger*innen,
Bildungsbürgeren,Bildungsbürger*innen,
Blasmusiker,Blasmusiker*innen,
Blasmusikeren,Blasmusiker*innen,
Bootsbauer,Bootsbauer*innen,
Bootsbaueren,Bootsbauer*innen,
Bordellbetreiber,Bordellbetreiber*innen,
Bordellbetreiberen,Bordellbetreiber*innen,
Botaniker,Botaniker*innen,
Botanikeren,Botaniker*innen,
Botschafter,Botschafter*innen,
Botschafteren,Botschafter*innen,
Boxer,Boxer*innen,
Boxeren,Boxer*innen,
Briefempfänger,Briefempfänger*innen,
Briefempfängeren,Briefempfänger*innen,
Briefträger,Briefträger*innen,
Briefträgeren,Briefträger*innen,
Bundeskanzler,Bundeskanzler*innen,
Bundeskanzleren,Bundeskanzler*innen,
Bundesminister,Bundesminister*innen,
Bundesministeren,Bundesminister*innen,
Bundespolizist,Bundespolizist*innen,
Bundespolizisten,Bundespolizist*innen,
Bundestagskandidat,Bundestagskandidat*innen,
Bundestagskandidaten,Bundestagskandidat*innen,
Bürgerjournalist,Bürgerjournalist*innen,
Bürgerjournalisten,Bürgerjournalist*innen,
Bürgermeisterkandidat,Bürgermeisterkandidat*innen,
Bürgermeisterkandidaten,Bürgermeisterkandidat*innen,
Campaigner,Campaigner*innen,
Campaigneren,Campaigner*innen,
Cellist,Cellist*innen,
Cellisten,Cellist*innen,
Chemiker,Chemiker*innen,
Chemikeren,Chemiker*innen,
Chirurg,Chirurg*innen,
Chirurgen,Chirurg*innen,
Choreograph,Choreograph*innen,
Choreographen,Choreograph*innen,
Chorsänger,Chorsänger*innen,
Chorsängeren,Chorsänger*innen,
Demonstrantenen,Demonstranten*innen,
Demoteilnehmer,Demoteilnehmer*innen,
Demoteilnehmeren,Demoteilnehmer*innen,
Deutschlehrer,Deutschlehrer*innen,
Deutschlehreren,Deutschlehrer*innen,
Dichter,Dichter*innen,
Dichteren,Dichter*innen,
Dienstleister,Dienstleister*innen,
Dienstleisteren,Dienstleister*innen,
Diskussionsteilnehmer,Diskussionsteilnehmer*innen,
Diskussionsteilnehmeren,Diskussionsteilnehmer*innen,
Dozentenen,Dozenten*innen,
Drahtzieher,Drahtzieher*innen,
Drahtzieheren,Drahtzieher*innen,
Drogengebraucher,Drogengebraucher*innen,
Drogengebraucheren,Drogengebraucher*innen,
Drogenkonsument,Drogenkonsument*innen,
Drogenkonsumenten,Drogenkonsument*innen,
Drucker,Drucker*innen,
Druckeren,Drucker*innen,
Ehrenämtler,Ehrenämtler*innen,
Ehrenämtleren,Ehrenämtler*innen,
Ehrenbürger,Ehrenbürger*innen,
Ehrenbürgeren,Ehrenbürger*innen,
Eigenheimbesitzer,Eigenheimbesitzer*innen,
Eigenheimbesitzeren,Eigenheimbesitzer*innen,
Einsatzleiter,Einsatzleiter*innen,
Einsatzleiteren,Einsatzleiter*innen,
Einsender,Einsender*innen,
Einsenderen,Einsender*innen,
Einsteiger,Einsteiger*innen,
Einsteigeren,Einsteiger*innen,
Einzelfallhelfer,Einzelfallhelfer*innen,
Einzelfallhelferen,Einzelfallhelfer*innen,
Einzelkämpfer,Einzelkämpfer*innen,
Einzelkämpferen,Einzelkämpfer*innen,
Einzelspieler,Einzelspieler*innen,
Einzelspieleren,Einzelspieler*innen,
Eisenbahner,Eisenbahner*innen,
Eisenbahneren,Eisenbahner*innen,
Entdecker,Entdecker*innen,
Entdeckeren,Entdecker*innen,
Entwicklungshelfer,Entwicklungshelfer*innen,
Entwicklungshelferen,Entwicklungshelfer*innen,
Erfinder,Erfinder*innen,
Erfinderen,Erfinder*innen,
Ergotherapeut,Ergotherapeut*innen,
Ergotherapeuten,Ergotherapeut*innen,
Ersteller,Ersteller*innen,
Erstelleren,Ersteller*innen,
Erstunterzeichner,Erstunterzeichner*innen,
Erstunterzeichneren,Erstunterzeichner*innen,
Erziehungswissenschaftler,Erziehungswissenschaftler*innen,
Erziehungswissenschaftleren,Erziehungswissenschaftler*innen,
Exilant,Exilant*innen,
Exilanten,Exilant*innen,
Exilpolitiker,Exilpolitiker*innen,
Exilpolitikeren,Exilpolitiker*innen,
Expertenen,Experten*innen,
Fachberater,Fachberater*innen,
Fachberateren,Fachberater*innen,
Fachlehrer,Fachlehrer*innen,
Fachlehreren,Fachlehrer*innen,
Fachreferent,Fachreferent*innen,
Fachreferenten,Fachreferent*innen,
Fachschüler,Fachschüler*innen,
Fachschüleren,Fachschüler*innen,
Fahranfänger,Fahranfänger*innen,
Fahranfängeren,Fahranfänger*innen,
Fahrschüler,Fahrschüler*innen,
Fahrschüleren,Fahrschüler*innen,
Fanatiker,Fanatiker*innen,
Fanatikeren,Fanatiker*innen,
Fechter,Fechter*innen,
Fechteren,Fechter*innen,
Fernsehmacher,Fernsehmacher*innen,
Fernsehmacheren,Fernsehmacher*innen,
Festbesucher,Festbesucher*innen,
Festbesucheren,Festbesucher*innen,
Filialleiter,Filialleiter*innen,
Filialleiteren,Filialleiter*innen,
Filmkritiker,Filmkritiker*innen,
Filmkritikeren,Filmkritiker*innen,
Filmmacher,Filmmacher*innen,
Filmmacheren,Filmmacher*innen,
Finanzpolitiker,Finanzpolitiker*innen,
Finanzpolitikeren,Finanzpolitiker*innen,
Fleischer,Fleischer*innen,
Fleischeren,Fleischer*innen,
Flensburger,Flensburger*innen,
Flensburgeren,Flensburger*innen,
Fliesenleger,Fliesenleger*innen,
Fliesenlegeren,Fliesenleger*innen,
Flüchtlingshelfer,Flüchtlingshelfer*innen,
Flüchtlingshelferen,Flüchtlingshelfer*innen,
Flugzeugführer,Flugzeugführer*innen,
Flugzeugführeren,Flugzeugführer*innen,
Förder,Förder*innen,
Förderen,Förder*innen,
Fotojournalist,Fotojournalist*innen,
Fotojournalisten,Fotojournalist*innen,
Fotoschüler,Fotoschüler*innen,
Fotoschüleren,Fotoschüler*innen,
Fragesteller,Fragesteller*innen,
Fragestelleren,Fragesteller*innen,
Frankfurter,Frankfurter*innen,
Frankfurteren,Frankfurter*innen,
Freizeitsportler,Freizeitsportler*innen,
Freizeitsportleren,Freizeitsportler*innen,
Frisör,Frisör*innen,
Frisören,Frisör*innen,
Frühaufsteher,Frühaufsteher*innen,
Frühaufsteheren,Frühaufsteher*innen,
Führer,Führer*innen,
Führeren,Führer*innen,
Funktionsträger,Funktionsträger*innen,
Funktionsträgeren,Funktionsträger*innen,
Fußballer,Fußballer*innen,
Fußballeren,Fußballer*innen,
Galerist,Galerist*innen,
Galeristen,Galerist*innen,
Gartenbesitzer,Gartenbesitzer*innen,
Gartenbesitzeren,Gartenbesitzer*innen,
Gastkünstler,Gastkünstler*innen,
Gastkünstleren,Gastkünstler*innen,
Gastkurator,Gastkurator*innen,
Gastkuratoren,Gastkurator*innen,
Gebärdendolmetscher,Gebärdendolmetscher*innen,
Gebärdendolmetscheren,Gebärdendolmetscher*innen,
Gebärdensprachdolmetscher,Gebärdensprachdolmetscher*innen,
Gebärdensprachdolmetscheren,Gebärdensprachdolmetscher*innen,
Geburtshelfer,Geburtshelfer*innen,
Geburtshelferen,Geburtshelfer*innen,
Gefährt,Gefährt*innen,
Gefährten,Gefährt*innen,
Gegenwartskünstler,Gegenwartskünstler*innen,
Gegenwartskünstleren,Gegenwartskünstler*innen,
Geisteswissenschaftler,Geisteswissenschaftler*innen,
Geisteswissenschaftleren,Geisteswissenschaftler*innen,
Gemeinderät,Gemeinderät*innen,
Gemeinderäten,Gemeinderät*innen,
Genderaktivist,Genderaktivist*innen,
Genderaktivisten,Genderaktivist*innen,
Gerichtsvollzieher,Gerichtsvollzieher*innen,
Gerichtsvollzieheren,Gerichtsvollzieher*innen,
Germanist,Germanist*innen,
Germanisten,Germanist*innen,
Geschichtenerzähler,Geschichtenerzähler*innen,
Geschichtenerzähleren,Geschichtenerzähler*innen,
Geschichtslehrer,Geschichtslehrer*innen,
Geschichtslehreren,Geschichtslehrer*innen,
Gesell,Gesell*innen,
Gesellen,Gesell*innen,
Gesetzeshüter,Gesetzeshüter*innen,
Gesetzeshüteren,Gesetzeshüter*innen,
Gesetzgeber,Gesetzgeber*innen,
Gesetzgeberen,Gesetzgeber*innen,
Gesinnungsgenoss,Gesinnungsgenoss*innen,
Gesinnungsgenossen,Gesinnungsgenoss*innen,
Gesundheitsexpert,Gesundheitsexpert*innen,
Gesundheitsexperten,Gesundheitsexpert*innen,
Gläubiger,Gläubiger*innen,
Gläubigeren,Gläubiger*innen,
Glücksspieler,Glücksspieler*innen,
Glücksspieleren,Glücksspieler*innen,
Gratulant,Gratulant*innen,
Gratulanten,Gratulant*innen,
Griech,Griech*innen,
Griechen,Griech*innen,
Grundstückseigentümer,Grundstückseigentümer*innen,
Grundstückseigentümeren,Grundstückseigentümer*innen,
Halter,Halter*innen,
Halteren,Halter*innen,
Handballer,Handballer*innen,
Handballeren,Handballer*innen,
Handwerksmeister,Handwerksmeister*innen,
Handwerksmeisteren,Handwerksmeister*innen,
Hannoveraner,Hannoveraner*innen,
Hannoveraneren,Hannoveraner*innen,
Hauptautor,Hauptautor*innen,
Hauptautoren,Hauptautor*innen,
Hauptdarsteller,Hauptdarsteller*innen,
Hauptdarstelleren,Hauptdarsteller*innen,
Hauptprotagonist,Hauptprotagonist*innen,
Hauptprotagonisten,Hauptprotagonist*innen,
Hauptschüler,Hauptschüler*innen,
Hauptschüleren,Hauptschüler*innen,
Hausbewohner,Hausbewohner*innen,
Hausbewohneren,Hausbewohner*innen,
Hausmeister,Hausmeister*innen,
Hausmeisteren,Hausmeister*innen,
Haustierbesitzer,Haustierbesitzer*innen,
Haustierbesitzeren,Haustierbesitzer*innen,
Hauswirtschafter,Hauswirtschafter*innen,
Hauswirtschafteren,Hauswirtschafter*innen,
Heilerziehungspfleger,Heilerziehungspfleger*innen,
Heilerziehungspflegeren,Heilerziehungspfleger*innen,
Heilpraktiker,Heilpraktiker*innen,
Heilpraktikeren,Heilpraktiker*innen,
Heimarbeiter,Heimarbeiter*innen,
Heimarbeiteren,Heimarbeiter*innen,
Heldenen,Helden*innen,
Herrscher,Herrscher*innen,
Herrscheren,Herrscher*innen,
Hetzer,Hetzer*innen,
Hetzeren,Hetzer*innen,
Hilfsarbeiter,Hilfsarbeiter*innen,
Hilfsarbeiteren,Hilfsarbeiter*innen,
Hobbygärtner,Hobbygärtner*innen,
Hobbygärtneren,Hobbygärtner*innen,
Hobbyläufer,Hobbyläufer*innen,
Hobbyläuferen,Hobbyläufer*innen,
Humanmediziner,Humanmediziner*innen,
Humanmedizineren,Humanmediziner*innen,
Hundeführer,Hundeführer*innen,
Hundeführeren,Hundeführer*innen,
Hundehalter,Hundehalter*innen,
Hundehalteren,Hundehalter*innen,
Hünd,Hünd*innen,
Hünden,Hünd*innen,
Immigrant,Immigrant*innen,
Immigranten,Immigrant*innen,
Improvisator,Improvisator*innen,
Improvisatoren,Improvisator*innen,
Informant,Informant*innen,
Informanten,Informant*innen,
Informatiker,Informatiker*innen,
Informatikeren,Informatiker*innen,
Inländer,Inländer*innen,
Inländeren,Inländer*innen,
Innenarchitekt,Innenarchitekt*innen,
Innenarchitekten,Innenarchitekt*innen,
Instrumentalist,Instrumentalist*innen,
Instrumentalisten,Instrumentalist*innen,
Instrumentenbauer,Instrumentenbauer*innen,
Instrumentenbaueren,Instrumentenbauer*innen,
Intensivtäter,Intensivtäter*innen,
Intensivtäteren,Intensivtäter*innen,
Interessensvertreter,Interessensvertreter*innen,
Interessensvertreteren,Interessensvertreter*innen,
Internationalist,Internationalist*innen,
Internationalisten,Internationalist*innen,
Interpret,Interpret*innen,
Interpreten,Interpret*innen,
Interviewer,Interviewer*innen,
Intervieweren,Interviewer*innen,
Islamkritiker,Islamkritiker*innen,
Islamkritikeren,Islamkritiker*innen,
Islamwissenschaftler,Islamwissenschaftler*innen,
Islamwissenschaftleren,Islamwissenschaftler*innen,
Isländer,Isländer*innen,
Isländeren,Isländer*innen,
Jazzer,Jazzer*innen,
Jazzeren,Jazzer*innen,
Jobber,Jobber*innen,
Jobberen,Jobber*innen,
Journalistenen,Journalisten*innen,
Jugendarbeiter,Jugendarbeiter*innen,
Jugendarbeiteren,Jugendarbeiter*innen,
Jugendleiter,Jugendleiter*innen,
Jugendleiteren,Jugendleiter*innen,
Jugendvertreter,Jugendvertreter*innen,
Jugendvertreteren,Jugendvertreter*innen,
Jünger,Jünger*innen,
Jüngeren,Jünger*innen,
Junggesell,Junggesell*innen,
Junggesellen,Junggesell*innen,
Junghandwerker,Junghandwerker*innen,
Junghandwerkeren,Junghandwerker*innen,
Jungmusiker,Jungmusiker*innen,
Jungmusikeren,Jungmusiker*innen,
Jungpolitiker,Jungpolitiker*innen,
Jungpolitikeren,Jungpolitiker*innen,
Jungwähler,Jungwähler*innen,
Jungwähleren,Jungwähler*innen,
Juror,Juror*innen,
Juroren,Juror*innen,
Kanadier,Kanadier*innen,
Kanadieren,Kanadier*innen,
Kandidatenen,Kandidaten*innen,
Kapitalanleger,Kapitalanleger*innen,
Kapitalanlegeren,Kapitalanleger*innen,
Katzenhalter,Katzenhalter*innen,
Katzenhalteren,Katzenhalter*innen,
Kegler,Kegler*innen,
Kegleren,Kegler*innen,
Kenner,Kenner*innen,
Kenneren,Kenner*innen,
Keramiker,Keramiker*innen,
Keramikeren,Keramiker*innen,
Kinderbetreuer,Kinderbetreuer*innen,
Kinderbetreueren,Kinderbetreuer*innen,
Kindergartenpädagog,Kindergartenpädagog*innen,
Kindergartenpädagogen,Kindergartenpädagog*innen,
Kindergärtner,Kindergärtner*innen,
Kindergärtneren,Kindergärtner*innen,
Kinderkrankenpfleger,Kinderkrankenpfleger*innen,
Kinderkrankenpflegeren,Kinderkrankenpfleger*innen,
Kinderpfleger,Kinderpfleger*innen,
Kinderpflegeren,Kinderpfleger*innen,
Kinobesucher,Kinobesucher*innen,
Kinobesucheren,Kinobesucher*innen,
Kirchenmusiker,Kirchenmusiker*innen,
Kirchenmusikeren,Kirchenmusiker*innen,
Kirchenvertreter,Kirchenvertreter*innen,
Kirchenvertreteren,Kirchenvertreter*innen,
Klangforscher,Klangforscher*innen,
Klangforscheren,Klangforscher*innen,
Klassenlehrer,Klassenlehrer*innen,
Klassenlehreren,Klassenlehrer*innen,
Klassensprecher,Klassensprecher*innen,
Klassensprecheren,Klassensprecher*innen,
Klassiker,Klassiker*innen,
Klassikeren,Klassiker*innen,
Kollegenen,Kollegen*innen,
Kölner,Kölner*innen,
Kölneren,Kölner*innen,
Kontrolleur,Kontrolleur*innen,
Kontrolleuren,Kontrolleur*innen,
Konzertbesucher,Konzertbesucher*innen,
Konzertbesucheren,Konzertbesucher*innen,
Krieger,Krieger*innen,
Kriegeren,Krieger*innen,
Kulturproduzent,Kulturproduzent*innen,
Kulturproduzenten,Kulturproduzent*innen,
Kulturwissenschaftler,Kulturwissenschaftler*innen,
Kulturwissenschaftleren,Kulturwissenschaftler*innen,
Kundenen,Kunden*innen,
Kunsthandwerker,Kunsthandwerker*innen,
Kunsthandwerkeren,Kunsthandwerker*innen,
Kunsthistoriker,Kunsthistoriker*innen,
Kunsthistorikeren,Kunsthistoriker*innen,
Kunstläufer,Kunstläufer*innen,
Kunstläuferen,Kunstläufer*innen,
Kunststudent,Kunststudent*innen,
Kunststudenten,Kunststudent*innen,
Kunstturner,Kunstturner*innen,
Kunstturneren,Kunstturner*innen,
Kunstvermittler,Kunstvermittler*innen,
Kunstvermittleren,Kunstvermittler*innen,
Kursteilnehmer,Kursteilnehmer*innen,
Kursteilnehmeren,Kursteilnehmer*innen,
Kurzarbeiter,Kurzarbeiter*innen,
Kurzarbeiteren,Kurzarbeiter*innen,
Lagerarbeiter,Lagerarbeiter*innen,
Lagerarbeiteren,Lagerarbeiter*innen,
Laiendarsteller,Laiendarsteller*innen,
Laiendarstelleren,Laiendarsteller*innen,
Laienschauspieler,Laienschauspieler*innen,
Laienschauspieleren,Laienschauspieler*innen,
Landarbeiter,Landarbeiter*innen,
Landarbeiteren,Landarbeiter*innen,
Landespolizist,Landespolizist*innen,
Landespolizisten,Landespolizist*innen,
Langstreckenläufer,Langstreckenläufer*innen,
Langstreckenläuferen,Langstreckenläufer*innen,
Lebenspartner,Lebenspartner*innen,
Lebenspartneren,Lebenspartner*innen,
Lehrern,Lehrern*innen,
Lehrernen,Lehrern*innen,
Lehrstuhlinhaber,Lehrstuhlinhaber*innen,
Lehrstuhlinhaberen,Lehrstuhlinhaber*innen,
Leistungsträger,Leistungsträger*innen,
Leistungsträgeren,Leistungsträger*innen,
Lektor,Lektor*innen,
Lektoren,Lektor*innen,
Lenker,Lenker*innen,
Lenkeren,Lenker*innen,
Leserbriefautor,Leserbriefautor*innen,
Leserbriefautoren,Leserbriefautor*innen,
Leserbriefschreiber,Leserbriefschreiber*innen,
Leserbriefschreiberen,Leserbriefschreiber*innen,
Liedermacher,Liedermacher*innen,
Liedermacheren,Liedermacher*innen,
Linksaktivist,Linksaktivist*innen,
Linksaktivisten,Linksaktivist*innen,
Litauer,Litauer*innen,
Litaueren,Litauer*innen,
Literaturwissenschaftler,Literaturwissenschaftler*innen,
Literaturwissenschaftleren,Literaturwissenschaftler*innen,
Logistiker,Logistiker*innen,
Logistikeren,Logistiker*innen,
Logopäd,Logopäd*innen,
Logopäden,Logopäd*innen,
Lokführer,Lokführer*innen,
Lokführeren,Lokführer*innen,
Luxemburger,Luxemburger*innen,
Luxemburgeren,Luxemburger*innen,
Mainzer,Mainzer*innen,
Mainzeren,Mainzer*innen,
Maskenträger,Maskenträger*innen,
Maskenträgeren,Maskenträger*innen,
Mathematiker,Mathematiker*innen,
Mathematikeren,Mathematiker*innen,
Maurer,Maurer*innen,
Maureren,Maurer*innen,
Mediator,Mediator*innen,
Mediatoren,Mediator*innen,
Mediengestalter,Mediengestalter*innen,
Mediengestalteren,Mediengestalter*innen,
Medienkonsument,Medienkonsument*innen,
Medienkonsumenten,Medienkonsument*innen,
Medienwissenschaftler,Medienwissenschaftler*innen,
Medienwissenschaftleren,Medienwissenschaftler*innen,
Meinungsmacher,Meinungsmacher*innen,
Meinungsmacheren,Meinungsmacher*innen,
Meister,Meister*innen,
Meisteren,Meister*innen,
Menschenrechtsbeobachter,Menschenrechtsbeobachter*innen,
Menschenrechtsbeobachteren,Menschenrechtsbeobachter*innen,
Menschenrechtsverteidiger,Menschenrechtsverteidiger*innen,
Menschenrechtsverteidigeren,Menschenrechtsverteidiger*innen,
Mensch,Mensch*innen,
Menschen,Mensch*innen,
Mentor,Mentor*innen,
Mentoren,Mentor*innen,
Meteorolog,Meteorolog*innen,
Meteorologen,Meteorolog*innen,
Migrantenen,Migranten*innen,
Ministrant,Ministrant*innen,
Ministranten,Ministrant*innen,
Mitautor,Mitautor*innen,
Mitautoren,Mitautor*innen,
Mitbegründer,Mitbegründer*innen,
Mitbegründeren,Mitbegründer*innen,
Mitfahrer,Mitfahrer*innen,
Mitfahreren,Mitfahrer*innen,
Mitläufer,Mitläufer*innen,
Mitläuferen,Mitläufer*innen,
Mitleser,Mitleser*innen,
Mitleseren,Mitleser*innen,
Mitmusiker,Mitmusiker*innen,
Mitmusikeren,Mitmusiker*innen,
Mittänzer,Mittänzer*innen,
Mittänzeren,Mittänzer*innen,
Mittäter,Mittäter*innen,
Mittäteren,Mittäter*innen,
Moabiter,Moabiter*innen,
Moabiteren,Moabiter*innen,
Modedesigner,Modedesigner*innen,
Modedesigneren,Modedesigner*innen,
Moderatorenen,Moderatoren*innen,
Moralist,Moralist*innen,
Moralisten,Moralist*innen,
Mostviertler,Mostviertler*innen,
Mostviertleren,Mostviertler*innen,
Motorradfahrer,Motorradfahrer*innen,
Motorradfahreren,Motorradfahrer*innen,
Museumsbesucher,Museumsbesucher*innen,
Museumsbesucheren,Museumsbesucher*innen,
Musiklehrer,Musiklehrer*innen,
Musiklehreren,Musiklehrer*innen,
Musikliebhaber,Musikliebhaber*innen,
Musikliebhaberen,Musikliebhaber*innen,
Musikpädagog,Musikpädagog*innen,
Musikpädagogen,Musikpädagog*innen,
Musikschüler,Musikschüler*innen,
Musikschüleren,Musikschüler*innen,
Musikschullehrer,Musikschullehrer*innen,
Musikschullehreren,Musikschullehrer*innen,
Muttersprachler,Muttersprachler*innen,
Muttersprachleren,Muttersprachler*innen,
Nachhilfelehrer,Nachhilfelehrer*innen,
Nachhilfelehreren,Nachhilfelehrer*innen,
Nachrichtensprecher,Nachrichtensprecher*innen,
Nachrichtensprecheren,Nachrichtensprecher*innen,
Nachtschwärmer,Nachtschwärmer*innen,
Nachtschwärmeren,Nachtschwärmer*innen,
Nachwuchsautor,Nachwuchsautor*innen,
Nachwuchsautoren,Nachwuchsautor*innen,
Nachwuchsfahrer,Nachwuchsfahrer*innen,
Nachwuchsfahreren,Nachwuchsfahrer*innen,
Nachwuchskünstler,Nachwuchskünstler*innen,
Nachwuchskünstleren,Nachwuchskünstler*innen,
Nachwuchsmusiker,Nachwuchsmusiker*innen,
Nachwuchsmusikeren,Nachwuchsmusiker*innen,
Nachwuchsschauspieler,Nachwuchsschauspieler*innen,
Nachwuchsschauspieleren,Nachwuchsschauspieler*innen,
Nachwuchstänzer,Nachwuchstänzer*innen,
Nachwuchstänzeren,Nachwuchstänzer*innen,
Nachwuchswissenschaftler,Nachwuchswissenschaftler*innen,
Nachwuchswissenschaftleren,Nachwuchswissenschaftler*innen,
Näher,Näher*innen,
Näheren,Näher*innen,
Nationalist,Nationalist*innen,
Nationalisten,Nationalist*innen,
Naturheilpraktiker,Naturheilpraktiker*innen,
Naturheilpraktikeren,Naturheilpraktiker*innen,
Naturwissenschaftler,Naturwissenschaftler*innen,
Naturwissenschaftleren,Naturwissenschaftler*innen,
Nazigegner,Nazigegner*innen,
Nazigegneren,Nazigegner*innen,
Neofaschist,Neofaschist*innen,
Neofaschisten,Neofaschist*innen,
Netzfeminist,Netzfeminist*innen,
Netzfeministen,Netzfeminist*innen,
Neueinsteiger,Neueinsteiger*innen,
Neueinsteigeren,Neueinsteiger*innen,
Nichtraucher,Nichtraucher*innen,
Nichtraucheren,Nichtraucher*innen,
Nichtwähler,Nichtwähler*innen,
Nichtwähleren,Nichtwähler*innen,
Niedriglöhner,Niedriglöhner*innen,
Niedriglöhneren,Niedriglöhner*innen,
Normalbürger,Normalbürger*innen,
Normalbürgeren,Normalbürger*innen,
Normalverdiener,Normalverdiener*innen,
Normalverdieneren,Normalverdiener*innen,
Notfallsanitäter,Notfallsanitäter*innen,
Notfallsanitäteren,Notfallsanitäter*innen,
Oberbürgermeister,Oberbürgermeister*innen,
Oberbürgermeisteren,Oberbürgermeister*innen,
Offiziersanwärter,Offiziersanwärter*innen,
Offiziersanwärteren,Offiziersanwärter*innen,
Ökoaktivist,Ökoaktivist*innen,
Ökoaktivisten,Ökoaktivist*innen,
Opernsänger,Opernsänger*innen,
Opernsängeren,Opernsänger*innen,
Ordnungshüter,Ordnungshüter*innen,
Ordnungshüteren,Ordnungshüter*innen,
Pächter,Pächter*innen,
Pächteren,Pächter*innen,
Paddler,Paddler*innen,
Paddleren,Paddler*innen,
Paketzusteller,Paketzusteller*innen,
Paketzustelleren,Paketzusteller*innen,
Parteienvertreter,Parteienvertreter*innen,
Parteienvertreteren,Parteienvertreter*innen,
Parteigenoss,Parteigenoss*innen,
Parteigenossen,Parteigenoss*innen,
Parteikolleg,Parteikolleg*innen,
Parteikollegen,Parteikolleg*innen,
Parteivertreter,Parteivertreter*innen,
Parteivertreteren,Parteivertreter*innen,
Partisan,Partisan*innen,
Partisanen,Partisan*innen,
Pastor,Pastor*innen,
Pastoren,Pastor*innen,
Patientenen,Patienten*innen,
Performancekünstler,Performancekünstler*innen,
Performancekünstleren,Performancekünstler*innen,
Pfadfinder,Pfadfinder*innen,
Pfadfinderen,Pfadfinder*innen,
Pfarrer,Pfarrer*innen,
Pfarreren,Pfarrer*innen,
Pflegeheimbewohner,Pflegeheimbewohner*innen,
Pflegeheimbewohneren,Pflegeheimbewohner*innen,
Pflegehelfer,Pflegehelfer*innen,
Pflegehelferen,Pflegehelfer*innen,
Physiker,Physiker*innen,
Physikeren,Physiker*innen,
Pianist,Pianist*innen,
Pianisten,Pianist*innen,
Pilger,Pilger*innen,
Pilgeren,Pilger*innen,
Planer,Planer*innen,
Planeren,Planer*innen,
Podiumsteilnehmer,Podiumsteilnehmer*innen,
Podiumsteilnehmeren,Podiumsteilnehmer*innen,
Poet,Poet*innen,
Poeten,Poet*innen,
Politikern,Politikern*innen,
Politikernen,Politikern*innen,
Politikwissenschaftler,Politikwissenschaftler*innen,
Politikwissenschaftleren,Politikwissenschaftler*innen,
Politker,Politker*innen,
Politkeren,Politker*innen,
Polizeischüler,Polizeischüler*innen,
Polizeischüleren,Polizeischüler*innen,
Polizistenen,Polizisten*innen,
Poltiker,Poltiker*innen,
Poltikeren,Poltiker*innen,
Populist,Populist*innen,
Populisten,Populist*innen,
Pornodarsteller,Pornodarsteller*innen,
Pornodarstelleren,Pornodarsteller*innen,
Praktiker,Praktiker*innen,
Praktikeren,Praktiker*innen,
Präsidentschaftskandidat,Präsidentschaftskandidat*innen,
Präsidentschaftskandidaten,Präsidentschaftskandidat*innen,
Praxisanleiter,Praxisanleiter*innen,
Praxisanleiteren,Praxisanleiter*innen,
Pressesprecher,Pressesprecher*innen,
Pressesprecheren,Pressesprecher*innen,
Priester,Priester*innen,
Priesteren,Priester*innen,
Projektentwickler,Projektentwickler*innen,
Projektentwickleren,Projektentwickler*innen,
Projektleiter,Projektleiter*innen,
Projektleiteren,Projektleiter*innen,
Projektpartner,Projektpartner*innen,
Projektpartneren,Projektpartner*innen,
Protestant,Protestant*innen,
Protestanten,Protestant*innen,
Protestler,Protestler*innen,
Protestleren,Protestler*innen,
Protestwähler,Protestwähler*innen,
Protestwähleren,Protestwähler*innen,
Prozessbeobachter,Prozessbeobachter*innen,
Prozessbeobachteren,Prozessbeobachter*innen,
Psychoanalytiker,Psychoanalytiker*innen,
Psychoanalytikeren,Psychoanalytiker*innen,
Puppenspieler,Puppenspieler*innen,
Puppenspieleren,Puppenspieler*innen,
Quartiersmanager,Quartiersmanager*innen,
Quartiersmanageren,Quartiersmanager*innen,
Radiohörer,Radiohörer*innen,
Radiohöreren,Radiohörer*innen,
Radiomacher,Radiomacher*innen,
Radiomacheren,Radiomacher*innen,
Realpolitiker,Realpolitiker*innen,
Realpolitikeren,Realpolitiker*innen,
Realschüler,Realschüler*innen,
Realschüleren,Realschüler*innen,
Rebell,Rebell*innen,
Rebellen,Rebell*innen,
Rechtspfleger,Rechtspfleger*innen,
Rechtspflegeren,Rechtspfleger*innen,
Redakteure,Redakteure*innen,
Redakteureen,Redakteure*innen,
Religionswissenschaftler,Religionswissenschaftler*innen,
Religionswissenschaftleren,Religionswissenschaftler*innen,
Rennläufer,Rennläufer*innen,
Rennläuferen,Rennläufer*innen,
Rettungssanitäter,Rettungssanitäter*innen,
Rettungssanitäteren,Rettungssanitäter*innen,
Revolutionär,Revolutionär*innen,
Revolutionären,Revolutionär*innen,
Rezensent,Rezensent*innen,
Rezensenten,Rezensent*innen,
Ringer,Ringer*innen,
Ringeren,Ringer*innen,
Römer,Römer*innen,
Römeren,Römer*innen,
Salvadorianer,Salvadorianer*innen,
Salvadorianeren,Salvadorianer*innen,
Salzburger,Salzburger*innen,
Salzburgeren,Salzburger*innen,
Satiriker,Satiriker*innen,
Satirikeren,Satiriker*innen,
Schaffner,Schaffner*innen,
Schaffneren,Schaffner*innen,
Schauspielschüler,Schauspielschüler*innen,
Schauspielschüleren,Schauspielschüler*innen,
Schlagzeuger,Schlagzeuger*innen,
Schlagzeugeren,Schlagzeuger*innen,
Schlosser,Schlosser*innen,
Schlosseren,Schlosser*innen,
Schneider,Schneider*innen,
Schneideren,Schneider*innen,
Schöpfer,Schöpfer*innen,
Schöpferen,Schöpfer*innen,
Schrebergärtner,Schrebergärtner*innen,
Schrebergärtneren,Schrebergärtner*innen,
Schreibtischtäter,Schreibtischtäter*innen,
Schreibtischtäteren,Schreibtischtäter*innen,
Schulabsolvent,Schulabsolvent*innen,
Schulabsolventen,Schulabsolvent*innen,
Schulanfänger,Schulanfänger*innen,
Schulanfängeren,Schulanfänger*innen,
Schulbegleiter,Schulbegleiter*innen,
Schulbegleiteren,Schulbegleiter*innen,
Schuldnerberater,Schuldnerberater*innen,
Schuldnerberateren,Schuldnerberater*innen,
Schuldner,Schuldner*innen,
Schuldneren,Schuldner*innen,
Schülern,Schülern*innen,
Schülernen,Schülern*innen,
Schwarzfahrer,Schwarzfahrer*innen,
Schwarzfahreren,Schwarzfahrer*innen,
Schwed,Schwed*innen,
Schweden,Schwed*innen,
Schweizer,Schweizer*innen,
Schweizeren,Schweizer*innen,
Schwimmer,Schwimmer*innen,
Schwimmeren,Schwimmer*innen,
Sechstklässler,Sechstklässler*innen,
Sechstklässleren,Sechstklässler*innen,
Seelsorger,Seelsorger*innen,
Seelsorgeren,Seelsorger*innen,
Seiteneinsteiger,Seiteneinsteiger*innen,
Seiteneinsteigeren,Seiteneinsteiger*innen,
Selbstzahler,Selbstzahler*innen,
Selbstzahleren,Selbstzahler*innen,
Seminarteilnehmer,Seminarteilnehmer*innen,
Seminarteilnehmeren,Seminarteilnehmer*innen,
Seniorenbetreuer,Seniorenbetreuer*innen,
Seniorenbetreueren,Seniorenbetreuer*innen,
Seniorenen,Senioren*innen,
Sexist,Sexist*innen,
Sexisten,Sexist*innen,
Sicherheitsmitarbeiter,Sicherheitsmitarbeiter*innen,
Sicherheitsmitarbeiteren,Sicherheitsmitarbeiter*innen,
Siebtklässler,Siebtklässler*innen,
Siebtklässleren,Siebtklässler*innen,
Sieger,Sieger*innen,
Siegeren,Sieger*innen,
Skater,Skater*innen,
Skateren,Skater*innen,
Skeptiker,Skeptiker*innen,
Skeptikeren,Skeptiker*innen,
Skifahrer,Skifahrer*innen,
Skifahreren,Skifahrer*innen,
Skiläufer,Skiläufer*innen,
Skiläuferen,Skiläufer*innen,
Skilehrer,Skilehrer*innen,
Skilehreren,Skilehrer*innen,
Softwareentwickler,Softwareentwickler*innen,
Softwareentwickleren,Softwareentwickler*innen,
Sonderpädagog,Sonderpädagog*innen,
Sonderpädagogen,Sonderpädagog*innen,
Sowjetbürger,Sowjetbürger*innen,
Sowjetbürgeren,Sowjetbürger*innen,
Sozialhilfempfänger,Sozialhilfempfänger*innen,
Sozialhilfempfängeren,Sozialhilfempfänger*innen,
Sozialpädagog,Sozialpädagog*innen,
Sozialpädagogen,Sozialpädagog*innen,
Sozialwissenschaftler,Sozialwissenschaftler*innen,
Sozialwissenschaftleren,Sozialwissenschaftler*innen,
Spandauer,Spandauer*innen,
Spandaueren,Spandauer*innen,
Spanier,Spanier*innen,
Spanieren,Spanier*innen,
Sparer,Sparer*innen,
Spareren,Sparer*innen,
Spinner,Spinner*innen,
Spinneren,Spinner*innen,
Spitzenathlet,Spitzenathlet*innen,
Spitzenathleten,Spitzenathlet*innen,
Spitzenläufer,Spitzenläufer*innen,
Spitzenläuferen,Spitzenläufer*innen,
Sprachlehrer,Sprachlehrer*innen,
Sprachlehreren,Sprachlehrer*innen,
Sprachwissenschaftler,Sprachwissenschaftler*innen,
Sprachwissenschaftleren,Sprachwissenschaftler*innen,
Staatsdiener,Staatsdiener*innen,
Staatsdieneren,Staatsdiener*innen,
Stadtführer,Stadtführer*innen,
Stadtführeren,Stadtführer*innen,
Stadtpolitiker,Stadtpolitiker*innen,
Stadtpolitikeren,Stadtpolitiker*innen,
Stadträt,Stadträt*innen,
Stadträten,Stadträt*innen,
Stadtvertreter,Stadtvertreter*innen,
Stadtvertreteren,Stadtvertreter*innen,
Staplerfahrer,Staplerfahrer*innen,
Staplerfahreren,Staplerfahrer*innen,
Starter,Starter*innen,
Starteren,Starter*innen,
Statistiker,Statistiker*innen,
Statistikeren,Statistiker*innen,
Statist,Statist*innen,
Statisten,Statist*innen,
Stellvertreter,Stellvertreter*innen,
Stellvertreteren,Stellvertreter*innen,
Sternsinger,Sternsinger*innen,
Sternsingeren,Sternsinger*innen,
Steuerberater,Steuerberater*innen,
Steuerberateren,Steuerberater*innen,
Straßenbauer,Straßenbauer*innen,
Straßenbaueren,Straßenbauer*innen,
Straßenhändler,Straßenhändler*innen,
Straßenhändleren,Straßenhändler*innen,
Straßenkünstler,Straßenkünstler*innen,
Straßenkünstleren,Straßenkünstler*innen,
Streiter,Streiter*innen,
Streiteren,Streiter*innen,
Studen,Studen*innen,
Studenen,Studen*innen,
Studentenen,Studenten*innen,
Studienabbrecher,Studienabbrecher*innen,
Studienabbrecheren,Studienabbrecher*innen,
Studienanwärter,Studienanwärter*innen,
Studienanwärteren,Studienanwärter*innen,
Studienberater,Studienberater*innen,
Studienberateren,Studienberater*innen,
Studienkolleg,Studienkolleg*innen,
Studienkollegen,Studienkolleg*innen,
Südafrikaner,Südafrikaner*innen,
Südafrikaneren,Südafrikaner*innen,
Südkoreaner,Südkoreaner*innen,
Südkoreaneren,Südkoreaner*innen,
Superheld,Superheld*innen,
Superhelden,Superheld*innen,
Surfer,Surfer*innen,
Surferen,Surfer*innen,
Tätowierer,Tätowierer*innen,
Tätowiereren,Tätowierer*innen,
Teamer,Teamer*innen,
Teameren,Teamer*innen,
Teamkolleg,Teamkolleg*innen,
Teamkollegen,Teamkolleg*innen,
Teamleiter,Teamleiter*innen,
Teamleiteren,Teamleiter*innen,
Teilhaber,Teilhaber*innen,
Teilhaberen,Teilhaber*innen,
Textilarbeiter,Textilarbeiter*innen,
Textilarbeiteren,Textilarbeiter*innen,
Theolog,Theolog*innen,
Theologen,Theolog*innen,
Theoretiker,Theoretiker*innen,
Theoretikeren,Theoretiker*innen,
Tierärzte,Tierärzte*innen,
Tierärzteen,Tierärzte*innen,
Tierbesitzer,Tierbesitzer*innen,
Tierbesitzeren,Tierbesitzer*innen,
Tierhalter,Tierhalter*innen,
Tierhalteren,Tierhalter*innen,
Tierheilpraktiker,Tierheilpraktiker*innen,
Tierheilpraktikeren,Tierheilpraktiker*innen,
Tierpfleger,Tierpfleger*innen,
Tierpflegeren,Tierpfleger*innen,
Tierrechtler,Tierrechtler*innen,
Tierrechtleren,Tierrechtler*innen,
Tiroler,Tiroler*innen,
Tiroleren,Tiroler*innen,
Tischler,Tischler*innen,
Tischleren,Tischler*innen,
Tontechniker,Tontechniker*innen,
Tontechnikeren,Tontechniker*innen,
Topmanager,Topmanager*innen,
Topmanageren,Topmanager*innen,
Touristiker,Touristiker*innen,
Touristikeren,Touristiker*innen,
Transportarbeiter,Transportarbeiter*innen,
Transportarbeiteren,Transportarbeiter*innen,
Trauerbegleiter,Trauerbegleiter*innen,
Trauerbegleiteren,Trauerbegleiter*innen,
Trommler,Trommler*innen,
Trommleren,Trommler*innen,
Tüftler,Tüftler*innen,
Tüftleren,Tüftler*innen,
Türken,Türken*innen,Türk*innen
Türkenen,Türken*innen,
Türk,Türk*innen,
Übungsleiter,Übungsleiter*innen,
Übungsleiteren,Übungsleiter*innen,
Umsteiger,Umsteiger*innen,
Umsteigeren,Umsteiger*innen,
Umweltpolitiker,Umweltpolitiker*innen,
Umweltpolitikeren,Umweltpolitiker*innen,
Unionsbürger,Unionsbürger*innen,
Unionsbürgeren,Unionsbürger*innen,
Unternehmensberater,Unternehmensberater*innen,
Unternehmensberateren,Unternehmensberater*innen,
Unterschriftensammler,Unterschriftensammler*innen,
Unterschriftensammleren,Unterschriftensammler*innen,
Urbanist,Urbanist*innen,
Urbanisten,Urbanist*innen,
Ureinwohner,Ureinwohner*innen,
Ureinwohneren,Ureinwohner*innen,
Veganer,Veganer*innen,
Veganeren,Veganer*innen,
Velofahrer,Velofahrer*innen,
Velofahreren,Velofahrer*innen,
Verantwortungsträger,Verantwortungsträger*innen,
Verantwortungsträgeren,Verantwortungsträger*innen,
Verehrer,Verehrer*innen,
Verehreren,Verehrer*innen,
Vereinsmitarbeiter,Vereinsmitarbeiter*innen,
Vereinsmitarbeiteren,Vereinsmitarbeiter*innen,
Verführer,Verführer*innen,
Verführeren,Verführer*innen,
Verlagsmitarbeiter,Verlagsmitarbeiter*innen,
Verlagsmitarbeiteren,Verlagsmitarbeiter*innen,
Vermittler,Vermittler*innen,
Vermittleren,Vermittler*innen,
Versammlungsteilnehmer,Versammlungsteilnehmer*innen,
Versammlungsteilnehmeren,Versammlungsteilnehmer*innen,
Verwalter,Verwalter*innen,
Verwalteren,Verwalter*innen,
Videojournalist,Videojournalist*innen,
Videojournalisten,Videojournalist*innen,
Volksschüler,Volksschüler*innen,
Volksschüleren,Volksschüler*innen,
Vordenker,Vordenker*innen,
Vordenkeren,Vordenker*innen,
Vorgänger,Vorgänger*innen,
Vorgängeren,Vorgänger*innen,
Vorkämpfer,Vorkämpfer*innen,
Vorkämpferen,Vorkämpfer*innen,
Vorleser,Vorleser*innen,
Vorleseren,Vorleser*innen,
Vorstandskolleg,Vorstandskolleg*innen,
Vorstandskollegen,Vorstandskolleg*innen,
Wahlberliner,Wahlberliner*innen,
Wahlberlineren,Wahlberliner*innen,
Wahlverlierer,Wahlverlierer*innen,
Wahlverliereren,Wahlverlierer*innen,
Waldspaziergänger,Waldspaziergänger*innen,
Waldspaziergängeren,Waldspaziergänger*innen,
Weltbürger,Weltbürger*innen,
Weltbürgeren,Weltbürger*innen,
Wettbewerber,Wettbewerber*innen,
Wettbewerberen,Wettbewerber*innen,
Widerständler,Widerständler*innen,
Widerständleren,Widerständler*innen,
Wikipedianer,Wikipedianer*innen,
Wikipedianeren,Wikipedianer*innen,
Wilhelmsburger,Wilhelmsburger*innen,
Wilhelmsburgeren,Wilhelmsburger*innen,
Wintersportler,Wintersportler*innen,
Wintersportleren,Wintersportler*innen,
Wirtschaftsforscher,Wirtschaftsforscher*innen,
Wirtschaftsforscheren,Wirtschaftsforscher*innen,
Yogalehrer,Yogalehrer*innen,
Yogalehreren,Yogalehrer*innen,
Zahler,Zahler*innen,
Zahleren,Zahler*innen,
Zahnärzt,Zahnärzt*innen,
Zahnärzten,Zahnärzt*innen,
Zehntklässler,Zehntklässler*innen,
Zehntklässleren,Zehntklässler*innen,
Zeitungsleser,Zeitungsleser*innen,
Zeitungsleseren,Zeitungsleser*innen,
Zimmerer,Zimmerer*innen,
Zimmereren,Zimmerer*innen,
Zöllner,Zöllner*innen,
Zöllneren,Zöllner*innen,
Zugführer,Zugführer*innen,
Zugführeren,Zugführer*innen,
Zürcher,Zürcher*innen,
Zürcheren,Zürcher*innen,
Zuseher,Zuseher*innen,
Zuseheren,Zuseher*innen,
Zuwanderer,Zuwanderer*innen,
Zuwandereren,Zuwanderer*innen,
Mutant,Mutant*innen,
Mutanten,Mutant*innen,
